program,module,call,static_breaks,breaks_hit,frames_baseline,frames_break,baseline_kind,break_kind,pair
gen_list,dynamo_semantics,0,1,1,1,3,,,same
gen_list,dynamo_semantics,1,1,1,1,3,,,same
gen_expr_sum,dynamo_semantics,0,0,0,1,1,,,same
gen_expr_sum,dynamo_semantics,1,0,0,1,1,,,same
gen_yield_from,dynamo_semantics,0,2,2,1,4,,,same
gen_yield_from,dynamo_semantics,1,2,2,1,4,,,same
gen_early_close,dynamo_semantics,0,4,2,2,2,,,same
gen_early_close,dynamo_semantics,1,4,2,2,2,,,same
gen_send,dynamo_semantics,0,4,3,1,4,,raise,new
gen_send,dynamo_semantics,1,4,3,1,4,,raise,new
try_except_shape_error,dynamo_semantics,0,1,2,2,3,,,same
try_except_shape_error,dynamo_semantics,1,1,2,2,3,,,same
try_finally_return,dynamo_semantics,0,1,1,2,4,,,same
try_finally_return,dynamo_semantics,1,1,1,2,4,,,same
raise_custom,dynamo_semantics,0,2,2,3,5,,,same
raise_custom,dynamo_semantics,1,2,2,3,5,,,same
assert_message,dynamo_semantics,0,1,0,1,1,,,same
assert_message,dynamo_semantics,1,1,0,1,1,,,same
except_index_error,dynamo_semantics,0,2,2,1,3,,,same
except_index_error,dynamo_semantics,1,2,2,1,3,,,same
nested_exception_reraise,dynamo_semantics,0,1,2,2,4,,,same
nested_exception_reraise,dynamo_semantics,1,1,2,2,4,,,same
stopiteration_default,dynamo_semantics,0,2,2,1,3,,,same
stopiteration_default,dynamo_semantics,1,2,2,1,3,,,same
ctx_class,dynamo_semantics,0,2,4,4,7,,,same
ctx_class,dynamo_semantics,1,2,4,4,7,,,same
ctx_contextlib,dynamo_semantics,0,2,3,2,5,,,same
ctx_contextlib,dynamo_semantics,1,2,3,2,5,,,same
ctx_exception_inside,dynamo_semantics,0,2,4,5,7,,,same
ctx_exception_inside,dynamo_semantics,1,2,4,5,7,,,same
ctx_no_grad_nested,dynamo_semantics,0,2,3,1,4,,,same
ctx_no_grad_nested,dynamo_semantics,1,2,3,1,4,,,same
ctx_set_grad_enabled,dynamo_semantics,0,5,6,1,7,,,same
ctx_set_grad_enabled,dynamo_semantics,1,5,6,1,7,,,same
closure_nonlocal_counter,dynamo_semantics,0,3,3,1,4,,,same
closure_nonlocal_counter,dynamo_semantics,1,3,3,1,4,,,same
closure_late_binding,dynamo_semantics,0,2,1,1,5,,,same
closure_late_binding,dynamo_semantics,1,2,1,1,5,,,same
closure_mutable_default,dynamo_semantics,0,1,1,1,3,,,same
closure_mutable_default,dynamo_semantics,1,1,1,1,3,,,same
partial_kwargs,dynamo_semantics,0,2,2,1,3,,,same
partial_kwargs,dynamo_semantics,1,2,2,1,3,,,same
args_kwargs_forward,dynamo_semantics,0,2,2,1,4,,,same
args_kwargs_forward,dynamo_semantics,1,2,2,1,4,,,same
dict_order_and_ops,dynamo_semantics,0,6,6,1,7,,,same
dict_order_and_ops,dynamo_semantics,1,6,6,1,7,,,same
dict_update_merge,dynamo_semantics,0,4,4,1,6,,,same
dict_update_merge,dynamo_semantics,1,4,4,1,6,,,same
set_ops,dynamo_semantics,0,4,4,1,5,,,same
set_ops,dynamo_semantics,1,4,4,1,5,,,same
list_slice_assign,dynamo_semantics,0,5,5,1,6,,,same
list_slice_assign,dynamo_semantics,1,5,5,1,6,,,same
list_sort_key,dynamo_semantics,0,2,2,3,4,,,same
list_sort_key,dynamo_semantics,1,2,2,3,4,,,same
list_extend_in_loop,dynamo_semantics,0,2,2,1,3,,,same
list_extend_in_loop,dynamo_semantics,1,2,2,1,3,,,same
collections_types,dynamo_semantics,0,9,9,1,10,,return,new
collections_types,dynamo_semantics,1,9,9,1,10,,return,new
itertools_mix,dynamo_semantics,0,3,3,1,4,,,same
itertools_mix,dynamo_semantics,1,3,3,1,4,,,same
zip_strict_error,dynamo_semantics,0,1,0,1,1,,,same
zip_strict_error,dynamo_semantics,1,1,0,1,1,,,same
int_semantics,dynamo_semantics,0,1,1,1,2,,,same
int_semantics,dynamo_semantics,1,1,1,1,2,,,same
float_nan_semantics,dynamo_semantics,0,1,1,1,2,,,same
float_nan_semantics,dynamo_semantics,1,1,1,1,2,,,same
shape_arith,dynamo_semantics,0,1,1,1,2,,,same
shape_arith,dynamo_semantics,1,1,1,1,2,,,same
bigint_to_tensor,dynamo_semantics,0,0,0,1,1,,,same
bigint_to_tensor,dynamo_semantics,1,0,0,1,1,,,same
iterate_rows,dynamo_semantics,0,3,3,1,4,,,same
iterate_rows,dynamo_semantics,1,3,3,1,4,,,same
unpack_and_star,dynamo_semantics,0,2,2,1,3,,,same
unpack_and_star,dynamo_semantics,1,2,2,1,3,,,same
fancy_index,dynamo_semantics,0,6,6,2,8,,,same
fancy_index,dynamo_semantics,1,6,6,2,8,,,same
item_and_python_math,dynamo_semantics,0,2,2,4,6,,,same
item_and_python_math,dynamo_semantics,1,2,2,4,6,,,same
bool_tensor_branch,dynamo_semantics,0,1,1,2,3,,,same
bool_tensor_branch,dynamo_semantics,1,1,1,2,3,,,same
data_dependent_shape,dynamo_semantics,0,1,1,3,4,,,same
data_dependent_shape,dynamo_semantics,1,1,1,3,4,,,same
string_ops,dynamo_semantics,0,3,3,1,4,,,same
string_ops,dynamo_semantics,1,3,3,1,4,,,same
graph_break_in_loop,dynamo_semantics,0,3,1,1,2,,,same
graph_break_in_loop,dynamo_semantics,1,3,1,1,2,,,same
print_in_middle,dynamo_semantics,0,4,5,3,7,,,same
print_in_middle,dynamo_semantics,1,4,5,3,7,,,same
many_locals_resume,dynamo_semantics,0,8,8,3,9,,,same
many_locals_resume,dynamo_semantics,1,8,8,3,9,,,same
break_inside_try,dynamo_semantics,0,2,0,1,1,,,same
break_inside_try,dynamo_semantics,1,2,0,1,1,,,same
break_inside_with,dynamo_semantics,0,3,4,2,5,,,same
break_inside_with,dynamo_semantics,1,3,4,2,5,,,same
python_random,dynamo_semantics,0,4,4,3,6,return,,gone
python_random,dynamo_semantics,1,4,4,3,6,return,,gone
python_random_no_seed_state,dynamo_semantics,0,1,1,1,2,,,same
python_random_no_seed_state,dynamo_semantics,1,1,1,1,2,,,same
numpy_interop,dynamo_semantics,0,2,2,2,4,,,same
numpy_interop,dynamo_semantics,1,2,2,2,4,,,same
numpy_scalar_types,dynamo_semantics,0,2,2,2,3,return,return,same-divergence
numpy_scalar_types,dynamo_semantics,1,2,2,2,3,return,return,same-divergence
global_state_counter,dynamo_semantics,0,2,4,2,5,,,same
global_state_counter,dynamo_semantics,1,2,4,2,5,,,same
object_attr_mutation,dynamo_semantics,0,3,6,4,9,,,same
object_attr_mutation,dynamo_semantics,1,3,6,4,9,,,same
module_python_state,dynamo_semantics,0,2,4,4,8,,,same
module_python_state,dynamo_semantics,1,2,4,4,8,,,same
dataclass_namedtuple,dynamo_semantics,0,6,9,75,84,,,same
dataclass_namedtuple,dynamo_semantics,1,6,9,75,84,,,same
isinstance_dispatch,dynamo_semantics,0,1,1,1,2,,,same
isinstance_dispatch,dynamo_semantics,1,1,1,1,2,,,same
tensor_attribute_monkeypatch,dynamo_semantics,0,2,2,1,3,,,same
tensor_attribute_monkeypatch,dynamo_semantics,1,2,2,1,3,,,same
aliasing_view_inplace,dynamo_semantics,0,5,5,1,6,,,same
aliasing_view_inplace,dynamo_semantics,1,5,5,1,6,,,same
inplace_leaf_error,dynamo_semantics,0,2,2,2,4,return,return,same-divergence
inplace_leaf_error,dynamo_semantics,1,2,2,2,4,return,return,same-divergence
detach_identity,dynamo_semantics,0,2,3,1,5,,,same
detach_identity,dynamo_semantics,1,2,3,1,5,,,same
grad_attr,dynamo_semantics,0,3,4,4,7,,,same
grad_attr,dynamo_semantics,1,3,4,4,7,,,same
copy_deepcopy,dynamo_semantics,0,4,4,4,8,,,same
copy_deepcopy,dynamo_semantics,1,4,4,4,8,,,same
while_break_continue_else,dynamo_semantics,0,3,3,1,4,,,same
while_break_continue_else,dynamo_semantics,1,3,3,1,4,,,same
recursion_depth,dynamo_semantics,0,1,1,1,2,,,same
recursion_depth,dynamo_semantics,1,1,1,1,2,,,same
map_filter_any_all,dynamo_semantics,0,3,3,5,8,,,same
map_filter_any_all,dynamo_semantics,1,3,3,5,8,,,same
sum_generator_of_tensors,dynamo_semantics,0,0,0,1,1,,,same
sum_generator_of_tensors,dynamo_semantics,1,0,0,1,1,,,same
dict_zip_enumerate_unbind,dynamo_semantics,0,2,2,1,3,,,same
dict_zip_enumerate_unbind,dynamo_semantics,1,2,2,1,3,,,same
chained_bool_tensor_props,dynamo_semantics,0,1,1,1,2,,,same
chained_bool_tensor_props,dynamo_semantics,1,1,1,1,2,,,same
setitem_mask_and_slices,dynamo_semantics,0,5,5,1,6,,,same
setitem_mask_and_slices,dynamo_semantics,1,5,5,1,6,,,same
torch_func_inside,dynamo_semantics,0,1,1,1,2,,,same
torch_func_inside,dynamo_semantics,1,1,1,1,2,,,same
autograd_grad_inside,dynamo_semantics,0,2,3,4,6,,,same
autograd_grad_inside,dynamo_semantics,1,2,3,4,6,,,same
manual_seed_inside,dynamo_semantics,0,4,4,5,9,return,return,same-divergence
manual_seed_inside,dynamo_semantics,1,4,4,5,9,return,return,same-divergence
dropout_train_eval,dynamo_semantics,0,8,8,4,12,,,same
dropout_train_eval,dynamo_semantics,1,8,8,4,12,,,same
list_of_tensors_equality,dynamo_semantics,0,1,0,1,1,,,same
list_of_tensors_equality,dynamo_semantics,1,1,0,1,1,,,same
exception_message_with_value,dynamo_semantics,0,2,1,2,3,,,same
exception_message_with_value,dynamo_semantics,1,2,1,2,3,,,same
nested_function_defaults_from_tensor,dynamo_semantics,0,1,1,1,3,,,same
nested_function_defaults_from_tensor,dynamo_semantics,1,1,1,1,3,,,same
torch_size_and_int_mixing,dynamo_semantics,0,2,2,1,3,,,same
torch_size_and_int_mixing,dynamo_semantics,1,2,2,1,3,,,same
random_choice_weights,dynamo_semantics_more,0,1,1,2,5,,,same
random_choice_weights,dynamo_semantics_more,1,1,1,2,5,,,same
random_randbytes_getrandbits,dynamo_semantics_more,0,1,1,2,5,,,same
random_randbytes_getrandbits,dynamo_semantics_more,1,1,1,2,5,,,same
random_instance_methods,dynamo_semantics_more,0,3,3,2,5,,,same
random_instance_methods,dynamo_semantics_more,1,3,3,2,5,,,same
torch_rand_in_fn,dynamo_semantics_more,0,4,4,3,7,,,same
torch_rand_in_fn,dynamo_semantics_more,1,4,4,3,7,,,same
np_random_in_fn,dynamo_semantics_more,0,1,1,5,6,,,same
np_random_in_fn,dynamo_semantics_more,1,1,1,5,6,,,same
np_array_ops,dynamo_semantics_more,0,4,4,2,6,,,same
np_array_ops,dynamo_semantics_more,1,4,4,2,6,,,same
np_scalar_math,dynamo_semantics_more,0,1,1,2,3,return,return,same-divergence
np_scalar_math,dynamo_semantics_more,1,1,1,2,3,return,return,same-divergence
builtins_misc,dynamo_semantics_more,0,1,1,2,3,,,same
builtins_misc,dynamo_semantics_more,1,1,1,2,3,,,same
int_float_conversion,dynamo_semantics_more,0,1,1,1,2,,,same
int_float_conversion,dynamo_semantics_more,1,1,1,1,2,,,same
bool_ops_on_python,dynamo_semantics_more,0,1,1,1,2,,,same
bool_ops_on_python,dynamo_semantics_more,1,1,1,1,2,,,same
string_methods_more,dynamo_semantics_more,0,2,2,1,3,,,same
string_methods_more,dynamo_semantics_more,1,2,2,1,3,,,same
bytes_and_bytearray,dynamo_semantics_more,0,3,3,4,11,,,same
bytes_and_bytearray,dynamo_semantics_more,1,3,3,4,11,,,same
tuple_ops,dynamo_semantics_more,0,1,1,1,2,,,same
tuple_ops,dynamo_semantics_more,1,1,1,1,2,,,same
list_comprehension_conditions,dynamo_semantics_more,0,0,0,1,1,,,same
list_comprehension_conditions,dynamo_semantics_more,1,0,0,1,1,,,same
walrus_and_match,dynamo_semantics_more,0,3,3,1,4,,,same
walrus_and_match,dynamo_semantics_more,1,3,3,1,4,,,same
del_and_rebind,dynamo_semantics_more,0,7,7,1,8,,,same
del_and_rebind,dynamo_semantics_more,1,7,7,1,8,,,same
slicing_negative_steps,dynamo_semantics_more,0,0,0,2,2,return,return,same-divergence
slicing_negative_steps,dynamo_semantics_more,1,0,0,2,2,return,return,same-divergence
ellipsis_none_indexing,dynamo_semantics_more,0,0,0,1,1,,,same
ellipsis_none_indexing,dynamo_semantics_more,1,0,0,1,1,,,same
exception_after_graph_break,dynamo_semantics_more,0,4,3,2,4,return,return,same-divergence
exception_after_graph_break,dynamo_semantics_more,1,4,3,2,4,return,return,same-divergence
exception_from_torch_op_caught,dynamo_semantics_more,0,1,1,1,2,,,same
exception_from_torch_op_caught,dynamo_semantics_more,1,1,1,1,2,,,same
exception_in_generator,dynamo_semantics_more,0,4,2,1,3,,,same
exception_in_generator,dynamo_semantics_more,1,4,2,1,3,,,same
exception_chaining,dynamo_semantics_more,0,1,0,1,1,,,same
exception_chaining,dynamo_semantics_more,1,1,0,1,1,,,same
finally_overrides_return,dynamo_semantics_more,0,1,1,2,4,,,same
finally_overrides_return,dynamo_semantics_more,1,1,1,2,4,,,same
exception_group,dynamo_semantics_more,0,1,0,1,1,,,same
exception_group,dynamo_semantics_more,1,1,0,1,1,,,same
assert_tensor_shape_ok,dynamo_semantics_more,0,2,2,1,3,,,same
assert_tensor_shape_ok,dynamo_semantics_more,1,2,2,1,3,,,same
contextlib_suppress_exitstack,dynamo_semantics_more,0,2,3,2,4,,,same
contextlib_suppress_exitstack,dynamo_semantics_more,1,2,3,2,4,,,same
generator_stateful_class,dynamo_semantics_more,0,2,4,4,8,,,same
generator_stateful_class,dynamo_semantics_more,1,2,4,4,8,,,same
generator_infinite_islice,dynamo_semantics_more,0,1,1,1,3,,,same
generator_infinite_islice,dynamo_semantics_more,1,1,1,1,3,,,same
genexpr_any_short_circuit,dynamo_semantics_more,0,2,2,4,6,,,same
genexpr_any_short_circuit,dynamo_semantics_more,1,2,2,4,6,,,same
itertools_more,dynamo_semantics_more,0,6,6,1,7,,,same
itertools_more,dynamo_semantics_more,1,6,6,1,7,,,same
functools_reduce_lru,dynamo_semantics_more,0,2,2,6,7,,,same
functools_reduce_lru,dynamo_semantics_more,1,2,2,6,7,,,same
class_call_getattr,dynamo_semantics_more,0,2,4,4,8,,,same
class_call_getattr,dynamo_semantics_more,1,2,4,4,8,,,same
class_slots_property_classmethod,dynamo_semantics_more,0,3,6,4,10,,,same
class_slots_property_classmethod,dynamo_semantics_more,1,3,6,4,10,,,same
operator_overloading_python_obj,dynamo_semantics_more,0,3,6,9,15,,,same
operator_overloading_python_obj,dynamo_semantics_more,1,3,6,9,15,,,same
inheritance_super_mro,dynamo_semantics_more,0,3,6,10,16,,,same
inheritance_super_mro,dynamo_semantics_more,1,3,6,10,16,,,same
dunder_contains_and_in,dynamo_semantics_more,0,2,4,5,8,,,same
dunder_contains_and_in,dynamo_semantics_more,1,2,4,5,8,,,same
module_as_python_value,dynamo_semantics_more,0,3,4,3,7,,,same
module_as_python_value,dynamo_semantics_more,1,3,4,3,7,,,same
size_dtype_device_values,dynamo_semantics_more,0,0,0,1,1,,,same
size_dtype_device_values,dynamo_semantics_more,1,0,0,1,1,,,same
tensor_python_protocol,dynamo_semantics_more,0,0,0,2,2,,,same
tensor_python_protocol,dynamo_semantics_more,1,0,0,2,2,,,same
tensor_hash_id_set,dynamo_semantics_more,0,3,3,2,4,,,same
tensor_hash_id_set,dynamo_semantics_more,1,3,3,2,4,,,same
sorted_tensors_key,dynamo_semantics_more,0,3,3,5,8,,,same
sorted_tensors_key,dynamo_semantics_more,1,3,3,5,8,,,same
min_max_builtin_on_tensors,dynamo_semantics_more,0,0,0,2,2,,,same
min_max_builtin_on_tensors,dynamo_semantics_more,1,0,0,2,2,,,same
mutate_input_list_arg,dynamo_semantics_more,0,4,8,2,9,,,same
mutate_input_list_arg,dynamo_semantics_more,1,4,8,2,9,,,same
mutate_input_dict_nested,dynamo_semantics_more,0,4,7,2,8,,,same
mutate_input_dict_nested,dynamo_semantics_more,1,4,7,2,8,,,same
inplace_on_input_then_view,dynamo_semantics_more,0,3,3,1,4,,,same
inplace_on_input_then_view,dynamo_semantics_more,1,3,3,1,4,,,same
inplace_resize_and_set,dynamo_semantics_more,0,4,4,1,6,,,same
inplace_resize_and_set,dynamo_semantics_more,1,4,4,1,6,,,same
requires_grad_toggle_inside,dynamo_semantics_more,0,5,5,1,8,,,same
requires_grad_toggle_inside,dynamo_semantics_more,1,5,5,1,8,,,same
inplace_views_overlap,dynamo_semantics_more,0,4,4,1,5,,,same
inplace_views_overlap,dynamo_semantics_more,1,4,4,1,5,,,same
out_kwarg,dynamo_semantics_more,0,4,4,2,6,,,same
out_kwarg,dynamo_semantics_more,1,4,4,2,6,,,same
as_strided_unfold,dynamo_semantics_more,0,3,3,1,4,,,same
as_strided_unfold,dynamo_semantics_more,1,3,3,1,4,,,same
nested_loops_break_labels,dynamo_semantics_more,0,3,3,1,4,,,same
nested_loops_break_labels,dynamo_semantics_more,1,3,3,1,4,,,same
loop_over_dict_mutating_copy,dynamo_semantics_more,0,2,2,1,3,,,same
loop_over_dict_mutating_copy,dynamo_semantics_more,1,2,2,1,3,,,same
while_with_tensor_condition_item,dynamo_semantics_more,0,3,2,1,3,,,same
while_with_tensor_condition_item,dynamo_semantics_more,1,3,2,1,3,,,same
ternary_chains_and_or,dynamo_semantics_more,0,4,4,2,6,,,same
ternary_chains_and_or,dynamo_semantics_more,1,4,4,2,6,,,same
enumerate_start_zip_three,dynamo_semantics_more,0,2,2,1,3,,,same
enumerate_start_zip_three,dynamo_semantics_more,1,2,2,1,3,,,same
default_args_evaluated_once,dynamo_semantics_more,0,1,1,1,3,,,same
default_args_evaluated_once,dynamo_semantics_more,1,1,1,1,3,,,same
nonlocal_in_loop_closure,dynamo_semantics_more,0,4,4,1,5,,,same
nonlocal_in_loop_closure,dynamo_semantics_more,1,4,4,1,5,,,same
recursion_with_memo_dict,dynamo_semantics_more,0,2,2,1,3,,,same
recursion_with_memo_dict,dynamo_semantics_more,1,2,2,1,3,,,same
lambda_in_dict_dispatch,dynamo_semantics_more,0,1,1,1,3,,,same
lambda_in_dict_dispatch,dynamo_semantics_more,1,1,1,1,3,,,same
global_constant_folding,dynamo_semantics_more,0,0,0,1,1,,,same
global_constant_folding,dynamo_semantics_more,1,0,0,1,1,,,same
print_format_side_effect_count,dynamo_semantics_more,0,1,0,1,1,,,same
print_format_side_effect_count,dynamo_semantics_more,1,1,0,1,1,,,same
string_join_of_tensor_values,dynamo_semantics_more,0,0,0,4,4,,,same
string_join_of_tensor_values,dynamo_semantics_more,1,0,0,4,4,,,same
dict_views_and_iteration_order,dynamo_semantics_more,0,3,3,1,4,,,same
dict_views_and_iteration_order,dynamo_semantics_more,1,3,3,1,4,,,same
set_of_shapes_and_frozenset,dynamo_semantics_more,0,2,2,1,3,,,same
set_of_shapes_and_frozenset,dynamo_semantics_more,1,2,2,1,3,,,same
deepcopy_module_state,dynamo_semantics_more,0,4,4,6,10,,,same
deepcopy_module_state,dynamo_semantics_more,1,4,4,6,10,,,same
torch_no_grad_decorator,dynamo_semantics_more,0,2,3,1,15,,,same
torch_no_grad_decorator,dynamo_semantics_more,1,2,3,1,15,,,same
autocast_inside,dynamo_semantics_more,0,1,1,1,2,,,same
autocast_inside,dynamo_semantics_more,1,1,1,1,2,,,same
inference_mode_inside,dynamo_semantics_more,0,1,1,2,3,,,same
inference_mode_inside,dynamo_semantics_more,1,1,1,2,3,,,same
tensor_bool_in_if_after_item,dynamo_semantics_more,0,2,2,3,5,,,same
tensor_bool_in_if_after_item,dynamo_semantics_more,1,2,2,3,5,,,same
complex_python_numbers,dynamo_semantics_more,0,1,1,1,2,,,same
complex_python_numbers,dynamo_semantics_more,1,1,1,1,2,,,same
format_spec_on_shape_and_item,dynamo_semantics_more,0,2,2,2,4,,,same
format_spec_on_shape_and_item,dynamo_semantics_more,1,2,2,2,4,,,same
dataclass_frozen_and_field_default,dynamo_semantics_more,0,7,13,89,106,,,same
dataclass_frozen_and_field_default,dynamo_semantics_more,1,7,13,89,106,,,same
enum_usage,dynamo_semantics_more,0,4,7,29,35,,,same
enum_usage,dynamo_semantics_more,1,4,7,29,35,,,same
typing_and_isinstance_union,dynamo_semantics_more,0,1,1,2,3,,,same
typing_and_isinstance_union,dynamo_semantics_more,1,1,1,2,3,,,same
gen_return_value_stopiteration,dynamo_semantics_batch3,0,4,4,1,5,,return,new
gen_return_value_stopiteration,dynamo_semantics_batch3,1,4,4,1,5,,return,new
gen_throw,dynamo_semantics_batch3,0,3,3,1,4,,raise,new
gen_throw,dynamo_semantics_batch3,1,3,3,1,4,,raise,new
gen_expression_lazy_side_effect,dynamo_semantics_batch3,0,4,1,1,3,,,same
gen_expression_lazy_side_effect,dynamo_semantics_batch3,1,4,1,1,3,,,same
nested_generator_closure_var,dynamo_semantics_batch3,0,2,1,1,4,,,same
nested_generator_closure_var,dynamo_semantics_batch3,1,2,1,1,4,,,same
iter_protocol_custom_object,dynamo_semantics_batch3,0,2,4,4,8,,,same
iter_protocol_custom_object,dynamo_semantics_batch3,1,2,4,4,8,,,same
tensor_subclass_torch_function,dynamo_semantics_batch3,0,3,4,8,12,state,state,changed
tensor_subclass_torch_function,dynamo_semantics_batch3,1,3,4,8,12,state,state,changed
torch_function_mode,dynamo_semantics_batch3,0,3,5,4,8,,,same
torch_function_mode,dynamo_semantics_batch3,1,3,5,4,8,,,same
parameter_subclass_attrs,dynamo_semantics_batch3,0,1,1,2,3,,,same
parameter_subclass_attrs,dynamo_semantics_batch3,1,1,1,2,3,,,same
weakref_to_object,dynamo_semantics_batch3,0,7,12,9,21,,,same
weakref_to_object,dynamo_semantics_batch3,1,7,12,9,21,,,same
threading_local_state,dynamo_semantics_batch3,0,2,4,4,7,state,state,changed
threading_local_state,dynamo_semantics_batch3,1,2,4,4,7,state,state,changed
pickle_roundtrip_tensor,dynamo_semantics_batch3,0,5,5,14,19,,,same
pickle_roundtrip_tensor,dynamo_semantics_batch3,1,5,5,14,19,,,same
deepcopy_nested_containers_with_tensors,dynamo_semantics_batch3,0,3,3,3,6,,,same
deepcopy_nested_containers_with_tensors,dynamo_semantics_batch3,1,3,3,3,6,,,same
deepcopy_module_forward,dynamo_semantics_batch3,0,3,3,8,11,,,same
deepcopy_module_forward,dynamo_semantics_batch3,1,3,3,8,11,,,same
descriptor_property_cached,dynamo_semantics_batch3,0,4,8,6,14,,,same
descriptor_property_cached,dynamo_semantics_batch3,1,4,8,6,14,,,same
class_attr_vs_instance_attr,dynamo_semantics_batch3,0,5,10,4,14,,,same
class_attr_vs_instance_attr,dynamo_semantics_batch3,1,5,10,4,14,,,same
metaclass_and_init_subclass,dynamo_semantics_batch3,0,4,7,11,18,,,same
metaclass_and_init_subclass,dynamo_semantics_batch3,1,4,7,11,18,,,same
dunder_getitem_setitem_delitem,dynamo_semantics_batch3,0,5,10,4,14,,,same
dunder_getitem_setitem_delitem,dynamo_semantics_batch3,1,5,10,4,14,,,same
augmented_assign_containers,dynamo_semantics_batch3,0,11,11,1,12,,,same
augmented_assign_containers,dynamo_semantics_batch3,1,11,11,1,12,,,same
chained_comparison_tensor_scalar,dynamo_semantics_batch3,0,1,1,4,5,,,same
chained_comparison_tensor_scalar,dynamo_semantics_batch3,1,1,1,4,5,,,same
identity_after_ops,dynamo_semantics_batch3,0,4,4,3,7,,,same
identity_after_ops,dynamo_semantics_batch3,1,4,4,3,7,,,same
exception_args_and_notes,dynamo_semantics_batch3,0,1,0,1,1,,,same
exception_args_and_notes,dynamo_semantics_batch3,1,1,0,1,1,,,same
int_bool_subclass_handling,dynamo_semantics_batch3,0,2,4,4,8,,,same
int_bool_subclass_handling,dynamo_semantics_batch3,1,2,4,4,8,,,same
zip_enumerate_strict_tensors,dynamo_semantics_batch3,0,3,3,1,4,,,same
zip_enumerate_strict_tensors,dynamo_semantics_batch3,1,3,3,1,4,,,same
sorted_cmp_to_key,dynamo_semantics_batch3,0,2,2,2,4,,,same
sorted_cmp_to_key,dynamo_semantics_batch3,1,2,2,2,4,,,same
string_format_tensor_repr,dynamo_semantics_batch3,0,1,1,7,8,,,same
string_format_tensor_repr,dynamo_semantics_batch3,1,1,1,7,8,,,same
bytes_from_tensor,dynamo_semantics_batch3,0,2,2,5,7,,,same
bytes_from_tensor,dynamo_semantics_batch3,1,2,2,5,7,,,same
nonlocal_generator_state_machine,dynamo_semantics_batch3,0,5,1,1,3,,,same
nonlocal_generator_state_machine,dynamo_semantics_batch3,1,5,1,1,3,,,same
list_of_lambdas_dispatch_on_shape,dynamo_semantics_batch3,0,1,1,1,3,,,same
list_of_lambdas_dispatch_on_shape,dynamo_semantics_batch3,1,1,1,1,3,,,same
try_except_else_finally_order,dynamo_semantics_batch3,0,2,2,1,3,,,same
try_except_else_finally_order,dynamo_semantics_batch3,1,2,2,1,3,,,same
with_multiple_context_managers,dynamo_semantics_batch3,0,2,4,4,7,,,same
with_multiple_context_managers,dynamo_semantics_batch3,1,2,4,4,7,,,same
global_dict_mutation_across_calls,dynamo_semantics_batch3,0,3,6,3,8,,,same
global_dict_mutation_across_calls,dynamo_semantics_batch3,1,3,6,3,8,,,same
tensor_in_set_and_dict_key_identity,dynamo_semantics_batch3,0,5,6,1,7,,,same
tensor_in_set_and_dict_key_identity,dynamo_semantics_batch3,1,5,6,1,7,,,same
callable_module_list_in_loop,dynamo_semantics_batch3,0,3,3,2,5,,,same
callable_module_list_in_loop,dynamo_semantics_batch3,1,3,3,2,5,,,same
dict_comprehension_with_tensor_values_sorted,dynamo_semantics_batch3,0,2,2,3,5,,,same
dict_comprehension_with_tensor_values_sorted,dynamo_semantics_batch3,1,2,2,3,5,,,same
