item_id,round,draft,kind,target,tracker_url,source_run,program_or_operator,torch_versions_reproduced,platforms,verification_text,contract_valid,duplicate_relation,root_cause_id,root_cause_label,layer,symptom,axis,oracle,attribution,status_bucket,status_findings_csv,status_date,status_evidence,fix_merged,new_since_snapshot
B1,1,0913/01,new issue,pytorch,https://github.com/pytorch/pytorch/issues/197084,"TO_SUBMIT rows 24; `reports_decomp/pinv_complex_grad/minimal_verified.py` (includes gradcheck), `scripts/complex_grad_sweep.py` + `results/complex_grad/COMPLEX_GRAD.md` (sweep of all complex autograd OpInfo operators: only pinv/pinverse/matrix_sqrth), `scripts/diag_matrix_sqrth_grad.py`, `scripts/diag_complex_linalg_grad.py` (16 linalg functions × real/complex × three paths), `results/decomp_newvar_grad/DECOMP_DIFF.md` (raw hits of the 6.3 complex-variant grad sweep)",linalg.pinv / matrix_sqrth wrong complex gradient (root cause later traced to dispatch-mode conj handling),2.14.0+cpu; 2.15.0.dev20260911,"Windows, Linux","torch 2.14.0+cpu (Windows Py3.14 + Linux Py3.11); nightly 2.15.0.dev20260911 (Windows) / dev20260912 (Linux, `kaggle_out/pinvlinux.txt`: aot_eager and inductor error 1.4e-1, eager 5.8e-7)","yes: aot_eager/inductor gradient differs from eager by 1.4e-1 (root cause RC01, not AOTAutograd)",same root cause as C32 (RC01): filed 09-15 attributed to AOTAutograd; C33 corrects the attribution to the dispatch-mode conj bug,RC01,complex conj view not materialised inside composite linalg kernels under any TorchDispatchMode (pinv/polar/matrix_sqrth/lstsq),AOT,S,P-dtype,GRAD,B,Pending,pending,2026-09-25,"no human response in snapshot; re-check: 0 human comment(s), labels ['triaged', 'module: complex', 'module: linear algebra', 'module: correctness (silent)', 'oncall: pt2', 'module: aotdispatch', 'module: pt2-dispatcher', 'bot-triaged', 'release triage'], human labels ['triaged (frgossen)']",no,
B2,1,0913/02,new issue,pytorch,https://github.com/pytorch/pytorch/issues/197085,"TO_SUBMIT rows 14; `reports_dynsem/random_module/minimal_verified.py` (script below), `scripts/diag_random_compile.py` (function-by-function comparison), `kaggle_out/randomlinux.txt` (Linux 2.14 + nightly output), `results/dynsem/DYNSEM.md` (raw hits of the 6.6 sweep)",random.shuffle / sample return the same permutation on every call,2.14.0+cpu; 2.15.0.dev20260911,"Windows, Linux","torch 2.14.0+cpu (Windows 11 and Linux/Kaggle); nightly 2.15.0.dev20260911+cpu (Windows) / dev20260912+cpu (Linux). backend=eager and inductor give the same result, dynamic=False",yes: eager and compiled differ on the same program and inputs (silent divergence),independent root cause (RC02; distinct fix PR from B17 although both are Dynamo random.* handling),RC02,Dynamo random.shuffle/sample replay the same permutation,Dy,S,Q-seq,VALUE,A,Fixed,fixed,2026-09-25,"human-triaged by williamwen42, who also added `module: correctness (silent)`; fix PR #197768 open (“Fixes”) | re-check: PR #197768 open (Fixes); PR #198062 open (Fixes)","no (open fix PR #197768, #198062)",
B3,1,0913/03,new issue,pytorch,https://github.com/pytorch/pytorch/issues/197086,"TO_SUBMIT rows 27; `scripts/diag_jvp_ldexp_crash.py` (each case run in a subprocess, prints the exit code), `results/forward_ad/FORWARD_AD.md` (6.4d full run: of the 507 operators that support forward AD, only ldexp makes the process vanish)",jvp over ldexp terminates the interpreter under aot_eager,2.14.0+cpu; 2.15.0.dev20260911,"Windows, Linux","torch 2.14.0+cpu (Windows 0xC0000005; Linux SIGSEGV exit -11); nightly 2.15.0.dev20260911 (Windows) / dev20260912 (Linux, `kaggle_out/jvplinux.txt`), same",yes: eager and compiled differ on the same program and inputs (process crash/hang under compile),independent root cause,RC04,AOTAutograd jvp over ldexp crashes the process,AOT,C,Q-context,CRASH,A,Pending,pending,2026-09-25,"no human response in snapshot; re-check: 0 human comment(s), labels ['module: crash', 'triaged', 'module: forward ad', 'oncall: pt2', 'module: aotdispatch', 'module: pt2-dispatcher', 'bot-triaged', 'release triage'], human labels ['triaged (frgossen)']",no,
B4,1,0913/04,new issue,pytorch,https://github.com/pytorch/pytorch/issues/197087,"TO_SUBMIT rows 1; `reports_metamorphic/argmin_pow_dynamic/` (`minimal_verified.py`, `DEDUP.md`), `scripts/diag_argmin_dynamic.py` (prints the failing line of the generated C++)",argmin/argmax under dynamic=True emit Python ** into C++,2.14.0+cpu,Windows,"torch 2.14.0+cpu (git `08187d9e0fba026dc8217405802ab5381dc88d90`), Windows 11 / MSVC 19.44",yes: eager and compiled differ on the same program and inputs (compiled fails where eager works),independent root cause,RC05,Inductor CPP prints arg-reduction index with Python str() (** in C++),In,F,Q-context,TRACEERR,A,Confirmed,confirmed,2026-09-25,"chinmayirm located the cause (index expression printed with Python `str()`, `**` reaches the C++ kernel); no maintainer comment yet | re-check: 1 human comment(s), human labels [], assignees []",no,
B5,1,0913/05,new issue,pytorch,https://github.com/pytorch/pytorch/issues/197088,"TO_SUBMIT rows 13; `kaggle_out/gpuverify/tcc-gpuverify.log` (G1 / G1b), `kaggle_out/gpucuda/plan/gpu_results_meta_cfg/METAMORPHIC.md` (raw hits of the configuration differential), `scripts/verify_candidates_cuda.py`",new_zeros(device=cpu) returns a CUDA tensor under cudagraphs,2.14.0+cu130; 2.10.0+cu128,"Linux, CUDA T4","torch 2.14.0+cu130 (Kaggle, Tesla T4, Linux); torch 2.10.0+cu128 same","yes, but only with triton.cudagraphs on (mode='reduce-overhead')",independent root cause,RC06,cudagraphs path ignores device='cpu' of new_zeros,In,S,Q-context,META,A,Confirmed,confirmed,2026-09-25,"assigned to contributor oonyshch (“Taking a look”, 2026-09-17) | re-check: 1 human comment(s), human labels ['triaged (frgossen)'], assignees ['oonyshch']",no,
B6,1,0913/06,new issue,pytorch,https://github.com/pytorch/pytorch/issues/197089,"TO_SUBMIT rows 5; `reports_decomp/std_var_large_values/` (`minimal_verified.py`, `minimal_verified_tiny_grad.py`, `DEDUP.md`, `ISSUE_FINAL.md`), `scripts/confirm_std_tiny_grad.py`, `verify_issue_claims.py`",std/var accumulate in float32: inf/NaN and zero gradient at extreme magnitudes,2.14.0+cpu,Windows (header names no platform; local run),torch 2.14.0+cpu (git `08187d9e0fba026dc8217405802ab5381dc88d90`),"yes: eager CPU accumulates in double, Inductor in float32: inf/NaN and zero gradient at 1e30/1e-30 (not a tolerance-level difference)",independent root cause,RC07,Inductor CPU var/std accumulate in float32,In,S,P-edge,VALUE,A,Pending,pending,2026-09-25,"no human response in snapshot; re-check: 0 human comment(s), labels ['module: numerical-stability', 'module: cpu', 'triaged', 'module: NaNs and Infs', 'module: correctness (silent)', 'module: reductions', 'oncall: pt2', 'module: inductor', 'oncall: cpu inductor', 'bot-triaged', 'release triage'], human labels ['triaged (frgossen)']",no,
B7,1,0913/07,new issue,pytorch,https://github.com/pytorch/pytorch/issues/197090,"TO_SUBMIT rows 28; `scripts/diag_jvp_make_dual.py` (9 operators × 3 backends), `scripts/diag_jvp_addr.py`, `results/forward_ad/FORWARD_AD.md` (6.4d full run)",jvp of quantile / addr: internal assertion on every backend,2.14.0+cpu; 2.15.0.dev20260911,"Windows, Linux","torch 2.14.0+cpu and nightly 2.15.0.dev20260911 (Windows, **each case in its own process**: addr / quantile (any q) / nanquantile assert on all three backends, `scripts/diag_jvp_make_dual_isolated.py`); Linux Py3.11 (2.14.0 and dev20260912, `kaggle_out/jvp2linux.txt`) identical. A re-check on 2026-09-15 found that when several cases run one after another in the same process, later cases may pass (residual state); the earlier ""ok"" entries in the Windows matrix came from this and have been corrected",yes: eager and compiled differ on the same program and inputs (compiled fails where eager works),independent root cause,RC08,Dynamo _make_dual internal assert (jvp of quantile/addr),Dy,F,Q-context,TRACEERR,A,Pending,pending,2026-09-25,"no human response in snapshot; re-check: 0 human comment(s), labels ['triaged', 'module: forward ad', 'oncall: pt2', 'module: functorch', 'dynamo-functorch', 'bot-triaged', 'release triage'], human labels []",no,
B8,1,0913/08,new issue,pytorch,https://github.com/pytorch/pytorch/issues/197091,"TO_SUBMIT rows 18; `scripts/diag_dtype_leads.py` (three-way comparison), `tcc/dtype_matrix.py` (6.2 dtype matrix sweep, `results/dtypes_aot`, `kaggle_out/dtypesgpu`)",ldexp output dtype wrong in both directions,2.14.0+cpu; 2.14.0+cu130; 2.15.0.dev20260911,"Windows, Linux, CUDA T4","torch 2.14.0+cpu (Windows); nightly 2.15.0.dev20260911 (Windows); 2.14.0+cu130 (Kaggle T4) and Linux CPU (`kaggle_out/dtypesgpu/plan/gpu_dtypes_{cuda,cpu}/DTYPE_MATRIX.md`)",yes: eager and compiled differ on the same program and inputs (silent divergence),independent root cause,RC09,Inductor ldexp lowering dtype inference,In,S,P-dtype,DTYPE,A,Fixed,fixed,2026-09-25,"fix PR #197162 open (“Fixes”), no maintainer comment yet | re-check: PR #197162 open (Fixes)",no (open fix PR #197162),
B9,1,0913/09,new issue,pytorch,https://github.com/pytorch/pytorch/issues/197092,"TO_SUBMIT rows 25; `scripts/diag_compiled_autograd_interpolate.py`, `scripts/compiled_autograd_diff.py` + `results/compiled_autograd/COMPILED_AUTOGRAD.md` (compiled_autograd differential over all float32 autograd OpInfo operators: only the interpolate/upsample family fails)",compiled autograd: interpolate backward hits an internal assertion,2.14.0+cpu; 2.15.0.dev20260911,"Windows, Linux","torch 2.14.0+cpu (Windows Py3.14 + Linux Py3.11); nightly 2.15.0.dev20260911 (Windows) / dev20260912 (Linux, `kaggle_out/calinux.txt`)",yes: eager and compiled differ on the same program and inputs (compiled fails where eager works),independent root cause,RC10,compiled autograd isIntList assert for interpolate backward,AOT,F,Q-context,TRACEERR,A,Pending,pending,2026-09-25,"no human response in snapshot; re-check: 0 human comment(s), labels ['triaged', 'module: interpolation', 'oncall: pt2', 'module: compiled autograd', 'bot-triaged', 'release triage'], human labels ['triaged (frgossen)']",no,
B10,1,0913/10,new issue,pytorch,https://github.com/pytorch/pytorch/issues/197093,"TO_SUBMIT rows 16; `scripts/diag_dynamic_fstring_namedtuple.py`, `results/dynsem_dynamic/DYNSEM.md` (6.6 sweep hits `item_and_python_math` / `exception_message_with_value`)",f-string format spec on a symbolic size: internal Dynamo error,2.14.0+cpu; 2.15.0.dev20260911,"Windows, Linux","torch 2.14.0+cpu (Windows); nightly 2.15.0.dev20260911 (Windows); Linux (`tcc-leadslinux`, see `kaggle_out/leadslinux.txt`)",yes: eager and compiled differ on the same program and inputs (compiled fails where eager works),independent root cause,RC11,LazySymNodeFormatString format spec,Dy,F,Q-context,TRACEERR,A,Confirmed,confirmed,2026-09-25,"tsho reproduced it on 2.14.0 and a source build and located the cause (`LazySymNodeFormatString.__repr__`); waits for the `actionable` label before sending a PR | re-check: 2 human comment(s), human labels [], assignees []",no,
B11,1,0913/11,new issue,pytorch,https://github.com/pytorch/pytorch/issues/197094,"TO_SUBMIT rows 23; `scripts/diag_optim_complex_foreach.py` (8 optimizers × complex64/float32 × 4-way comparison), `scripts/optimizer_step_diff.py` + `results/optim/OPTIM.md` (6.4 full differential)",compiled SGD.step with foreach=True and complex parameters: lowering assertion,2.14.0+cpu; 2.15.0.dev20260911,"Windows, Linux","torch 2.14.0+cpu (Windows + Linux); nightly 2.15.0.dev20260911 (Windows) / dev20260912 (Linux, `kaggle_out/leads2linux.txt`)",yes: eager and compiled differ on the same program and inputs (compiled fails where eager works),independent root cause,RC12,foreach SGD lowering on complex parameters,In,F,P-dtype,TRACEERR,A,Confirmed,confirmed,2026-09-25,"williamwen42 (MEMBER) triaged it, added `has workaround`, cc'd and assigned hameerabbasi | re-check: 1 human comment(s), human labels ['dynamo-triaged (williamwen42)'], assignees ['hameerabbasi']",no,
B12,1,0913/12,new issue,pytorch,https://github.com/pytorch/pytorch/issues/197095,"TO_SUBMIT rows 3; `reports_decomp/interpolate_zero_size/` (`minimal_verified.py`, `DEDUP.md`, `ISSUE_FINAL.md`), `scripts/confirm_decomp_batch2.py`",interpolate on an empty spatial dim returns uninitialised data instead of raising,2.14.0+cpu,Windows (header names no platform; local run),torch 2.14.0+cpu (git `08187d9e0fba026dc8217405802ab5381dc88d90`),yes: eager and compiled differ on the same program and inputs (silent divergence),independent root cause (RC13); maintainers later listed it as a member of umbrella #197554,RC13,interpolate decomposition reads out of bounds on zero-size dim,De,S,P-edge,EXC,A,Confirmed,confirmed,2026-09-25,"malfet (core maintainer): “eager raises correctly and the compiled path bypasses it”; made a member of his umbrella #197554 “[PT2] Validation lost”; yashb98 volunteered a fix | re-check: 2 human comment(s), human labels ['triaged (frgossen)'], assignees []",no,
B13,1,0913/13,new issue,pytorch,https://github.com/pytorch/pytorch/issues/197096,"TO_SUBMIT rows 12; `reports_aoti/lifted_constant_mutation/` (`minimal_verified.py`, `DEDUP.md`), `scripts/diag_aoti_instance_norm2.py`",mutated captured tensor: export accepts and AOTInductor asserts,2.14.0+cpu,Windows (header names no platform; local run),torch 2.14.0+cpu (git `08187d9e0fba026dc8217405802ab5381dc88d90`),expected-behavior: AOTI maintainer calls mutation of a lifted constant unsupported after functionalization (still open),independent root cause,RC14,export/AOTI mutated lifted constant (maintainers: expected),Ex,F,Q-artifact,TRACEERR,A,Rejected,rejected,2026-09-25,"yushangdi (AOTI maintainer): “kinda expected behavior” — mutation of lifted constants is unsupported after functionalization; still open | re-check: state open, 1 human comment(s)",no,
B14,1,0913/14,new issue,pytorch,https://github.com/pytorch/pytorch/issues/197097,"TO_SUBMIT rows 4; `reports_decomp/vector_norm_empty_batch/` (`minimal_verified.py`, `DEDUP.md`, `ISSUE_FINAL.md`), `scripts/verify_issue_claims.py`",vector_norm(ord=inf) on an empty batch fails for negative dim,2.14.0+cpu,Windows (header names no platform; local run),torch 2.14.0+cpu (git `08187d9e0fba026dc8217405802ab5381dc88d90`),yes: eager and compiled differ on the same program and inputs (compiled fails where eager works),independent root cause,RC15,_refs vector_norm empty-dim check ignores negative dim,De,F,P-edge,TRACEERR,A,Fixed,fixed,2026-09-25,fix PR #197231 open (“Fixes”) | re-check: PR #197231 open (Fixes),no (open fix PR #197231),
B15,1,0913/15,new issue,pytorch,https://github.com/pytorch/pytorch/issues/197098,"TO_SUBMIT rows 8; `reports_decomp/bce_weight_dtype/` (`minimal_verified.py`, `DEDUP.md`), `scripts/confirm_decomp_batch2.py`",binary_cross_entropy / huber_loss return float32 for half-precision inputs,2.14.0+cpu,Windows (header names no platform; local run),torch 2.14.0+cpu (git `08187d9e0fba026dc8217405802ab5381dc88d90`),yes: eager and compiled differ on the same program and inputs (silent divergence),independent root cause,RC16,Inductor loss lowering dtype promotion (bce weight / huber),In,S,P-dtype,DTYPE,A,Pending,pending,2026-09-25,"no human response in snapshot; re-check: 0 human comment(s), labels ['oncall: pt2', 'oncall: cpu inductor', 'bot-triaged'], human labels []",no,
B16,1,0913/16,new issue,pytorch,https://github.com/pytorch/pytorch/issues/197099,"TO_SUBMIT rows 7; `reports_decomp/pdist_empty_backward_crash/` (`minimal_verified.py` runs each case in a subprocess, `DEDUP.md`), `scripts/find_crash_variant.py nn.functional.pdist --grad`",pdist backward on zero rows: integer division by zero kills the process,2.14.0+cpu,Windows,"torch 2.14.0+cpu (git `08187d9e0fba026dc8217405802ab5381dc88d90`), Windows 11","no: eager-side defect, eager and compiled both crash (attribution B); found by the harness, not an eager!=compiled divergence",independent root cause,RC17,eager pdist_backward integer division by zero (eager defect),Eg,C,P-edge,CRASH,B,Confirmed,fixed,2026-09-25,"CHANGED since 09-23: fix PR #197152 was closed unmerged on 2026-09-24 (no mergebot merge, issue still open); chinmayirm posted the root cause on 09-21 -> Confirmed | re-check: 1 human comment(s), PRs [(197152, 'closed', True)], human labels []",no,
B17,1,0913/17,new issue,pytorch,https://github.com/pytorch/pytorch/issues/197101,"TO_SUBMIT rows 15; `reports_dynsem/random_module/minimal_verified.py` (`seed_fn`), `scripts/diag_random_compile.py` (""seed inside"" section), `kaggle_out/randomlinux.txt`",random.seed inside the function is ignored on the first call,2.14.0+cpu; 2.15.0.dev20260911,"Windows, Linux",torch 2.14.0+cpu (Windows + Linux); nightly 2.15.0.dev20260911 (Win) / dev20260912 (Linux). backend=eager and inductor give the same result,yes: eager and compiled differ on the same program and inputs (silent divergence),independent root cause (RC03; distinct fix PR from B2),RC03,Dynamo random.seed ignored on the compiling call,Dy,S,Q-seq,VALUE,A,Fixed,fixed,2026-09-25,"PR #197221 “Fixes #197101” landed as c8e4ab54e0 (2026-09-17); human-triaged by williamwen42 (`triaged`, `dynamo-triaged`) | re-check: PR #197221 closed (Fixes)",yes: closed by commit c8e4ab54e0,
B18,1,0913/18,new issue,pytorch,https://github.com/pytorch/pytorch/issues/197102,"TO_SUBMIT rows 17; `scripts/diag_dynamic_fstring_namedtuple.py`, `results/dynsem_dynamic/DYNSEM.md` (`dataclass_namedtuple` hit)",namedtuple == with tensor fields overflows the stack (Python 3.14 + dynamic),2.14.0+cpu; 2.15.0.dev20260911,"Windows, Linux","torch 2.14.0+cpu and nightly 2.15.0.dev20260911 — **Windows + Python 3.14**. Linux + Python 3.11 (Kaggle, 2.14.0 and nightly dev20260912) **does not reproduce** (matches eager), see `kaggle_out/leadslinux.txt` → specific to Python 3.14 (Dynamo's 3.14 support); this must be stated when filing",yes: eager raises RuntimeError (or returns True); compiled raises RecursionError; Windows + Python 3.14 only,independent root cause,RC18,Dynamo namedtuple __eq__ recursion on symbolic shapes (Py3.14),Dy,F,Q-context,EXC,A,Pending,pending,2026-09-25,"no human response in snapshot; re-check: 0 human comment(s), labels ['module: crash', 'triaged', 'oncall: pt2', 'module: dynamic shapes', 'module: python version', 'bot-triaged', 'release triage'], human labels []",no,
B19,1,0913/19,new issue,pytorch,https://github.com/pytorch/pytorch/issues/197103,"TO_SUBMIT rows 2; `reports_metamorphic/bmm_autotune_windows_export/`, `scripts/diag_autotune.py`, `diag_autotune_tb.py`, `diag_autotune2.py`",bmm under max_autotune: missing symbol export in a C++ template (Windows),2.14.0+cpu,Windows,"torch 2.14.0+cpu (git `08187d9e0fba026dc8217405802ab5381dc88d90`), Windows 11 / MSVC 19.44","yes: eager works, max_autotune on Windows fails for every bmm (missing dllexport in a C++ template)",independent root cause,RC19,cpp_bmm_template missing export declaration (Windows),In,F,Q-context,TRACEERR,A,Pending,pending,2026-09-25,"no human response in snapshot; re-check: 0 human comment(s), labels ['module: windows', 'module: cpu', 'triaged', 'oncall: pt2', 'module: inductor', 'bot-triaged', 'release triage'], human labels []",no,
B20,1,0913/20,new issue,pytorch,https://github.com/pytorch/pytorch/issues/197104,"TO_SUBMIT rows 11; `reports_aoti/return_types_packaging/` (`minimal_verified.py`, `DEDUP.md`), `scripts/diag_aoti.py`",AOTInductor cannot package models returning torch.return_types.*,2.14.0+cpu,Windows (header names no platform; local run),torch 2.14.0+cpu (git `08187d9e0fba026dc8217405802ab5381dc88d90`),"yes (artifact path): torch.compile/export work, aoti_compile_and_package fails",independent root cause,RC20,AOTI packaging has no serialization for torch.return_types,Ex,F,Q-artifact,TRACEERR,A,Fixed,fixed,2026-09-25,PR #197128 by maintainer yushangdi landed as bc77d149b7 (2026-09-16); issue was assigned to yushangdi | re-check: PR #197128 closed (Fixes),yes: closed by commit bc77d149b7,
B21,1,0913/21,new issue,pytorch,https://github.com/pytorch/pytorch/issues/197105,TO_SUBMIT rows 20; `scripts/diag_dtype_leads.py`,lerp of Boolean tensors with a 0-d weight fails to compile,2.14.0+cpu; 2.14.0+cu130; 2.15.0.dev20260911,"Windows, Linux, CUDA T4","torch 2.14.0+cpu (Windows); nightly 2.15.0.dev20260911 (Windows); 2.14.0+cu130 (T4) and Linux CPU (`kaggle_out/dtypesgpu`, `lerp_w` row)",yes: eager and compiled differ on the same program and inputs (compiled fails where eager works),independent root cause,RC21,lerp lowering for bool tensors with 0-d weight,De,F,P-dtype,TRACEERR,A,Fixed,fixed,2026-09-25,contributor N0AHZACH took it; fix PR #197193 open | re-check: PR #197193 open (Fixes),no (open fix PR #197193),
B22,1,0913/22,new issue,pytorch,https://github.com/pytorch/pytorch/issues/197106,"TO_SUBMIT rows 21; `scripts/diag_dtype_leads.py`, `kaggle_out/dtypesgpu/plan/gpu_dtypes_cpu/DTYPE_MATRIX.md` (`sum_dtype` row)",sum / prod with dtype=torch.bool: C++ error / assertion,2.14.0+cpu; 2.15.0.dev20260911,"Windows, Linux","torch 2.14.0+cpu (Windows/MSVC); nightly 2.15.0.dev20260911 (Windows); Linux CPU 2.14.0 and nightly dev20260912 (g++, `kaggle_out/leadslinux.txt`)",yes: eager and compiled differ on the same program and inputs (compiled fails where eager works),independent root cause,RC22,sum/prod lowering with dtype=bool,In,F,P-dtype,TRACEERR,A,Confirmed,pending,2026-09-25,"CHANGED since 09-23: TANGBUDU (CONTRIBUTOR) reproduced on f28a8c4796 and described a lowering fix (09-22); no PR yet | re-check: 1 human comment(s), PRs [], human labels []",no,"human comment(s) present but no verdict in snapshot: TANGBUDU(CONTRIBUTOR,2026-09-22): ""I'd like to contribute a fix for this issue. [sentence omitted]\n\n> Reproduced on `f28a8c4796` w"""
B23,1,0913/23,new issue,pytorch,https://github.com/pytorch/pytorch/issues/197107,"TO_SUBMIT rows 10; `reports_metamorphic/addmm_scalar_bias_autotune/` (`minimal_verified.py`, `DEDUP.md`), `scripts/diag_autotune_tb.py`",addmm with a 0-d bias under max_autotune: IndexError in lowering,2.14.0+cpu,Windows (header names no platform; local run),torch 2.14.0+cpu (git `08187d9e0fba026dc8217405802ab5381dc88d90`),yes: eager and compiled differ on the same program and inputs (compiled fails where eager works),independent root cause,RC23,tuned_addmm indexes stride before rank check,In,F,Q-context,TRACEERR,A,Fixed,fixed,2026-09-25,two volunteers; fix PR #197214 open | re-check: PR #197214 open (Fixes),no (open fix PR #197214),
B24,1,0913/24,new issue,pytorch,https://github.com/pytorch/pytorch/issues/197108,"TO_SUBMIT rows 6; `reports_opinfo_all/0211b330cc67/` (`ISSUE_FINAL.md`, `minimal_verified.py`); hit 2/2 in the four contexts of sweep round 4, and hit again by 5 programs in sweep round 6",var_mean / std_mean of an empty tensor: mean is 0 instead of NaN,2.14.0+cpu,Windows (header names no platform; local run),torch 2.14.0+cpu (git `08187d9e0fba026dc8217405802ab5381dc88d90`),yes: eager and compiled differ on the same program and inputs (silent divergence),independent root cause,RC24,Welford lowering returns mean 0 for empty input,In,S,P-edge,VALUE,A,Fixed,fixed,2026-09-25,contributor he-yufeng root-caused it to the Welford lowering path; fix PR #197165 open | re-check: PR #197165 open (Fixes),no (open fix PR #197165),
B25,1,0913/25,new issue,pytorch,https://github.com/pytorch/pytorch/issues/197109,"TO_SUBMIT rows 9; `reports_decomp/channel_shuffle_channels_last/` (`minimal_verified.py`, `DEDUP.md`), `scripts/confirm_batch3.py`",channel_shuffle loses the channels_last layout,2.14.0+cpu,Windows (header names no platform; local run),torch 2.14.0+cpu (git `08187d9e0fba026dc8217405802ab5381dc88d90`),yes (metadata): memory format of the output differs (channels_last lost),independent root cause,RC25,channel_shuffle decomposition drops channels_last,In,S,P-scs,LAYOUT,A,Confirmed,confirmed,2026-09-25,"eellison (maintainer) diagnosed it (“This is due to the decomp not preserving channels last”), retitled it “[Fake Tensor/Decomps] …” and added `module: fakeTensor`, `module: decompositions` | re-check: 1 human comment(s), human labels ['module: fakeTensor (eellison)', 'module: decompositions (eellison)'], assignees []",no,
B26,1,0913/26,new issue,pytorch,https://github.com/pytorch/pytorch/issues/197110,"TO_SUBMIT rows 22; `scripts/diag_keyerror_str.py`, `results/dynsem2/DYNSEM.md` (`exception_after_graph_break` hit — in the original program the segment after the graph break is in fact correct; the divergence lies in the traced segment)",str(KeyError(k)) loses the quotes CPython adds,2.14.0+cpu; 2.15.0.dev20260911,"Windows, Linux","torch 2.14.0+cpu (Windows Py3.14 + Linux Py3.11); nightly 2.15.0.dev20260911 (Windows) / dev20260912 (Linux, `kaggle_out/leads2linux.txt`). backend=eager, `fullgraph=True` or any trace without a graph break",yes: eager and compiled differ on the same program and inputs (silent divergence),independent root cause,RC26,Dynamo str(KeyError) omits CPython quotes,Dy,S,P-corpus,VALUE,A,Fixed,fixed,2026-09-25,"human-triaged by williamwen42, who told a volunteer “feel free to open a PR”; fix PR #197443 open | re-check: PR #197443 closed (Fixes)",yes: closed by commit 887633d60b,
B27,1,0913/27,new issue,pytorch,https://github.com/pytorch/pytorch/issues/197112,"TO_SUBMIT rows 30; `scripts/diag_unary_out_complex.py`, `results/unary_dtype/UNARY_DTYPE.md` (unary operator × dtype × out= sweep)",abs(complex out=float64) rejected by the meta kernel,2.14.0+cpu; 2.15.0.dev20260911,"Windows, Linux","torch 2.14.0+cpu (Windows Py3.14 + Linux Py3.11); nightly 2.15.0.dev20260911 (Windows) / dev20260912 (Linux, `kaggle_out/unarylinux.txt`)",yes: eager and compiled differ on the same program and inputs (compiled fails where eager works),independent root cause,RC27,abs ref exact_dtype=True rejects complex->real out,De,F,P-dtype,TRACEERR,A,Confirmed,confirmed,2026-09-25,"DannyChee1 reproduced it on nightly 2.15.0.dev20260915 and traced it to `exact_dtype=True` on the `abs` ref (#140288) | re-check: 1 human comment(s), human labels [], assignees []",no,
C1,2,0920/01,new issue,pytorch,https://github.com/pytorch/pytorch/issues/197887,"TO_SUBMIT rows 31; `reports_validation/saved_tensor_mutation.py`, `reports_validation/saved_view_variants.py` (12 variants × 3 backends, each case in its own process); discovery source `scripts/error_parity_batch2.py` (case `saved_input_modified_before_backward`)",autograd's in-place-modification check lost when a view of an input is saved for backward: silent wrong gradients,2.14.0+cpu; 2.14.0+cu130; 2.15.0.dev20260911; 2.15.0.dev20260919,"Windows, Linux, CUDA T4","torch 2.14.0+cpu and nightly 2.15.0.dev20260911+cpu (Windows, each case in its own process); Linux CPU 2.14.0 and nightly 2.15.0.dev20260919 (`kaggle_out/savedviewlinux.log`); Tesla T4 CUDA 2.14.0+cu130 (`kaggle_out/savedviewgpu.log`) — the table of 12 variants is identical across the four environments",yes: eager and compiled differ on the same program and inputs (silent divergence),independent root cause,RC28,AOTAutograd/Inductor saved-view version counter check lost,AOT,S,P-scs,GRAD,A,Fixed,fixed,2026-09-25,fix PR #198035 “[aot_autograd] Restore version checks for saved input views” open (“Fixes”); chinmayirm confirmed the `_reinterpret_tensor` / version-counter analysis | re-check: PR #198035 open (Fixes),no (open fix PR #198035),
C2,2,0920/02,new issue,pytorch,https://github.com/pytorch/pytorch/issues/197888,"TO_SUBMIT rows 44; `reports_layout/pool_backward_noncontiguous_indices.py` (6 pooling backward kernels × non-contiguous indices), `compiled_pool_grad_channels_last.py` (5 pooling ops × contiguous/channels_last × three backends), `adaptive_max_pool3d_chlast_grad.py`; discovery source `scripts/layout_alias_sweep.py` (7.1, chlast variant of `nn.functional.adaptive_max_pool3d`, gradient error 2.98)",adaptive_max_pool3d backward wrong for channels_last_3d input (eager C++ kernel reads indices as contiguous),2.14.0+cpu; 2.14.0+cu130; 2.15.0.dev20260911; 2.15.0.dev20260920,"Windows, Linux, CUDA T4","torch 2.14.0+cpu and nightly 2.15.0.dev20260911+cpu (Windows, CPU). The kernel-level reproduction does not need torch.compile; the user-level reproduction needs Inductor (`aot_eager` is correct); Linux re-check (Kaggle `tcc-rewritelinux` / `tcc-rewritegpu`, `kaggle_out/rewritelinux.log`, `rewritegpu.log`): on Linux CPU 2.14.0 and nightly 2.15.0.dev20260920 the output of both code blocks is identical character for character (max diff 282; three kernels False); **on CUDA (T4, 2.14.0+cu130) the compiled gradient is correct** → only the CPU kernels are affected","yes: aot_eager matches eager, Inductor gradient differs; root cause is an eager C++ kernel reading non-contiguous indices (attribution B)",independent root cause,RC29,eager pool backward kernels read indices as contiguous (eager defect),Eg,S,P-scs,GRAD,B,Confirmed,confirmed,2026-09-25,"eellison added `high priority` and the issue was assigned to mlazos within a day; a volunteer offered a fix | re-check: 1 human comment(s), human labels ['high priority (eellison)', 'triaged (frgossen)'], assignees ['mlazos']",no,
C3,2,0920/02b,new issue,pytorch,https://github.com/pytorch/pytorch/issues/197889,"TO_SUBMIT rows 54; `reports_scalar_seq/specialized_float_kwarg_census.py` (census of 51 operators with float arguments; 18 fail on nightly), `norm_eps_stale_min.py` (minimal reproduction + 2×2 cache comparison + ""which stale value the result corresponds to""), `layer_norm_eps_stale2.py`; discovery source `scripts/scalar_arg_sequence_diff.py` (10.9b: scalar argument changing between calls × default caches, 100 programs; 14/44 fail on 2.14.0, this item remains on nightly)",changing Python float argument baked into the cached graph,2.14.0+cpu; 2.14.0+cu130; 2.15.0.dev20260911; 2.15.0.dev20260921,"Windows, Linux, CUDA T4","torch 2.14.0+cpu and nightly 2.15.0.dev20260911+cpu (Windows); Linux CPU 2.14.0 and nightly 2.15.0.dev20260921, and Tesla T4 CUDA (2.14.0+cu130 and nightly 2.15.0.dev20260921+cu130) reproduce as well (Kaggle `tcc-staleepslinux` / `tcc-staleepsgpu`, `kaggle_out/staleepslinux.log`, `staleepsgpu.log`). `aot_eager` is correct; disabling either the FX graph cache or the AOTAutograd cache also gives the correct result",yes: third call with a changed float argument returns the value for the stale argument,independent root cause,RC30,cached graph keeps a stale specialised Python scalar (float or float-derived int),Dy,S,Q-seq,VALUE,A,Pending,pending,2026-09-25,"no human response in snapshot; re-check: 0 human comment(s), labels ['triaged', 'module: correctness (silent)', 'oncall: pt2', 'module: dynamic shapes', 'module: aotdispatch', 'module: pt2-dispatcher', 'bot-triaged', 'release triage'], human labels ['triaged (frgossen)']",no,
C4,2,0920/03,comment,pytorch,https://github.com/pytorch/pytorch/issues/143649#issuecomment-5761796627,"TO_SUBMIT rows 49; `reports_surgery/int_div_zero_crash.py` (14 operator×dtype combinations × length 40/5 × three backends, each case in its own process); discovery source `scripts/model_surgery_diff.py` (10.4 safety mechanisms, case `int_div_trunc_by_zero`; the subprocess crash under isolated execution was recorded as CRASH)",integer trunc division by zero kills the process (eager kernel),2.14.0+cpu; 2.15.0.dev20260911; 2.15.0.dev20260921,"Windows, Linux","torch 2.14.0+cpu and nightly 2.15.0.dev20260911+cpu (Windows, process exit code `0xC0000094` = STATUS_INTEGER_DIVIDE_BY_ZERO); `aot_eager` raises `RuntimeError: ZeroDivisionError` just like eager. Linux re-check (Kaggle `tcc-safetylinux`, `kaggle_out/safetylinux.log`): on Linux CPU 2.14.0 and nightly 2.15.0.dev20260921 the `trunc` row likewise kills the process (return code -8 = SIGFPE); the other two rows raise normally","yes: eager/aot_eager raise ZeroDivisionError, Inductor CPU trunc division kills the process",comment adding members (trunc division still crashes on 2.14/nightly) to existing #143649 (others' report),RC31,Inductor CPU integer trunc division by zero kills the process,Eg,C,P-edge,CRASH,B,Pending,pending,2026-09-25,host issue #143649 open; comment under others' issue; human comments on host since 2026-09-21: 0,n/a (comment),
C5,2,0920/04,comment,pytorch,https://github.com/pytorch/pytorch/issues/197554#issuecomment-5761854781,"TO_SUBMIT rows 34; `scripts/error_parity_sweep.py` (252 operators, 787 cases, 22 minutes), `scripts/error_parity_batch2.py` (129 programs), `results/error_parity/*.jsonl`",ten new members for the maintainers' 'validation lost' umbrella (OpInfo error inputs through the compiled path),2.14.0+cpu,Windows (header names no platform; local run),"torch 2.14.0+cpu; re-checked item by item in separate processes with `scripts/diag_error_parity_leads.py`, `reports_validation/validation_lost_members.py` (the output below is that script's unmodified output)",yes (exception parity): OpInfo error_inputs raise in eager and pass through the compiled path,comment adding 10 members to maintainers' umbrella #197554 (bundle of several missing checks),RC32,"validation lost: OpInfo error_inputs pass through the compiled path (bundle of missing checks, 10 members)",De,S,P-edge,EXC,A,Pending,pending,2026-09-25,host issue #197554 open; comment under others' issue; human comments on host since 2026-09-21: 2 -> eellison(2026-09-22); drisspg(2026-09-23),n/a (comment),
C6,2,0920/05,vendor report,msvc,https://developercommunity.visualstudio.com/t/MSVC-x64-optimizer-folds-two-consecutive/11155532,"TO_SUBMIT rows 46; `reports_rewrites/msvc_abs/abs_abs.cpp` (standalone C++ reproduction), `build_and_run.py` (compiles and runs at four optimization levels), `asm.py` (prints the assembly of the three functions); PyTorch-side manifestation `reports_rewrites/abs_abs_int.py`; discovery source `scripts/rewrite_precondition_diff.py` (case `abs_abs`, int8)",MSVC folds two consecutive _mm_abs_epi* into nothing,MSVC 19.44.35228,Windows (header names no platform; local run),"MSVC 19.44.35228 x64 (VS 2022 17.14); `/Od` is correct, `/O1`, `/O2`, `/O2 /arch:AVX2`, `/O2 /arch:AVX512` are all wrong. No newer MSVC is available on this machine; before filing it would be better to try once more on VS 2026 / the latest 17.14.x (in the web Compiler Explorer select ""x64 msvc v19.latest"", paste the program below and add `/O2`)","n/a (other target): MSVC /Od vs /O1,/O2 disagree on abs(abs(x)) intrinsics; genuine miscompile, surfaced through Inductor CPU on Windows",independent root cause,RC33,MSVC folds two consecutive abs intrinsics,Ext,S,X-cross,VALUE,C,Pending,pending,2026-09-25,"Developer Community: status 'new', no vendor response recorded (site has no read API; not re-checked)",no,
C7,2,0920/06,new issue,numba,https://github.com/numba/numba/issues/10845,"TO_SUBMIT rows 36; `reports_xtarget/numba_intmin_remainder_crash.py`; discovery source `scripts/xtarget_numpy_diff.py --target numba` (the four items `ii_remainder`, `ii_mod`, `ii_divmod0`, `ii_remainder_zero` with subprocess exit code 0xC0000095)",np.remainder / divmod on MIN_INT % -1 kill the process,numba 0.67.0,"Windows, Linux","numba 0.67.0 / llvmlite 0.49.0 / numpy 2.5.3, Python 3.14.7, Windows 11 x64; one separate process per (expression, dtype, mode) (`reports_xtarget/numba_intmin_remainder_crash.py`). **Linux re-checked** (Kaggle, Linux x86-64, numba 0.67.0, Python 3.12: same table; at the crash points the subprocess exit code is -8 = SIGFPE, `kaggle_out/xtargetlinux.log`)",n/a (other target): Numba nopython vs NumPy; process killed on MIN_INT % -1,independent root cause,RC34,Numba np_int_srem_impl lacks MIN_INT % -1 guard,Ext,C,X-cross,CRASH,C,Pending,pending,2026-09-25,"no human response in snapshot; re-check: 0 human comment(s), labels ['bug - segfault'], human labels ['bug - segfault (DrTodd13)']",no,
C8,2,0920/07,new issue,pytorch,https://github.com/pytorch/pytorch/issues/197893,"TO_SUBMIT rows 45; `reports_rewrites/noop_returns_input_alias.py` (comparison of 16 formulations), `noop_alias_realistic.py` (triggered by default hyperparameters + requires_grad + downstream impact), `output_alias_census.py` (census of 46 ""mathematically identity"" programs: only the ±0 / ×1 / ÷1 family (including the in-graph constant tensor form) returns the input itself; 36 forms such as cat/stack/repeat/roll/where/pow/indexing/bitwise ops all return new tensors); discovery source `scripts/rewrite_precondition_diff.py` (10.1 rewrite-precondition differential, cases `add_zero_is_copy` / `mul_one_is_copy`)",x*1 / x+0 / x/1.0 as a graph output return the input tensor itself,2.14.0+cpu; 2.14.0+cu130; 2.15.0.dev20260911; 2.15.0.dev20260920,"Windows, Linux, CUDA T4","torch 2.14.0+cpu and nightly 2.15.0.dev20260911+cpu (Windows, CPU Inductor); `aot_eager` matches eager → Inductor. Linux re-check (Kaggle `tcc-rewritelinux` / `tcc-rewritegpu`, `kaggle_out/rewritelinux.log`, `rewritegpu.log`): output on Linux CPU 2.14.0 and nightly 2.15.0.dev20260920 identical character for character; **on CUDA (T4, 2.14.0+cu130) likewise `out is x: True` and the input is changed to 6.0** → device-independent",yes (alias): compiled output is the input object itself; in-place update of the result corrupts the input,independent root cause,RC35,joint_graph.remove_no_ops returns the input tensor as output,In,S,P-edge,ALIAS,A,Fixed,confirmed,2026-09-25,"CHANGED since 09-23: fix PR #198446 'Preserve user-visible output aliasing' (Fixes) opened; chinmayirm root cause 09-21; wwoosshh reproduced a scatter variant 09-22 | re-check: 2 human comment(s), PRs [(198096, 'open', False), (198446, 'open', True)], human labels ['triaged (frgossen)']",no (open fix PR #198446),
C9,2,0920/08,new issue,pytorch,https://github.com/pytorch/pytorch/issues/197894,"TO_SUBMIT rows 51; `reports_symint/fx_codegen_negative_pow.py` (pure FX minimal reproduction), `negative_base_pow.py` (7 formulations under Dynamo × eager/inductor backends), `scalar_semantics_leads.py`; discovery source `scripts/symint_arith_diff.py` (10.5 SymInt/SymFloat scalar arithmetic differential, case `i:pow_sym_neg_base`)",torch.fx codegen precedence: operator.pow(-2 x) emitted as -2**x,2.14.0+cpu; 2.15.0.dev20260911; 2.15.0.dev20260921,"Windows, Linux","torch 2.14.0+cpu and nightly 2.15.0.dev20260911+cpu (Windows, Python 3.14); reproducible with pure `torch.fx`, no C++ compiler needed; Linux re-check (Kaggle `tcc-symintlinux`, `kaggle_out/symintlinux.log`): output on Linux CPU 2.14.0 and nightly 2.15.0.dev20260921 (Python 3.12) identical character for character",yes (torch.fx contract): GraphModule.forward code disagrees with Interpreter and eager; also under torch.compile(dynamic=True),independent root cause,RC36,FX codegen precedence for negative pow base,Fx,S,P-corpus,VALUE,B,Fixed,fixed,2026-09-25,"fix PR #198053 “Fix FX codegen precedence for negative pow bases” open (“Fixes”, by buyan-kh); a second volunteer asked to be assigned | re-check: PR #198053 open (Fixes)",no (open fix PR #198053),
C10,2,0920/09,new issue,pytorch,https://github.com/pytorch/pytorch/issues/197895,"TO_SUBMIT rows 38; `reports_intub/floor_divide_python_example.py`; discovery source `scripts/int_ub_sweep.py` (`float_binary:floor_divide`, `float_binary:div_floor`: 40 of 1600 boundary-value pairs differ)",floating-point floor division off by one under compile,2.14.0+cpu; 2.14.0+cu130; 2.15.0.dev20260911; 2.15.0.dev20260920,"Windows, Linux, CUDA T4","torch 2.14.0+cpu and nightly 2.15.0.dev20260911+cpu (Windows, CPU); Linux re-check (Kaggle, `kaggle_out/intublinux.log`, `intubgpu.log`): output on Linux CPU 2.14.0 and nightly 2.15.0.dev20260920 and **Tesla T4 CUDA 2.14.0+cu130 identical character for character**; reproduces with both float32 and float64; `aot_eager` matches eager → Inductor lowering",yes: eager and compiled differ on the same program and inputs (silent divergence),independent root cause,RC37,"Inductor float floor division floor(div_rn(a,b))",In,S,P-edge,VALUE,A,Confirmed,confirmed,2026-09-25,"chinmayirm confirmed the `floor(div_rn(a, b))` analysis and volunteered | re-check: 1 human comment(s), human labels ['triaged (frgossen)'], assignees []",no,
C11,2,0920/10,new issue,pytorch,https://github.com/pytorch/pytorch/issues/197896,"TO_SUBMIT rows 42; `reports_sideeffects/closure_mutation_min2.py` (minimal reproduction), `closure_mutation_minimal.py` (comparison of 4 call forms), `nested_ctx_manager.py` (originally found on ""a context manager defined inside a function""); discovery source `scripts/side_effect_diff.py` (75 small side-effect/state programs, case `context_manager_exit_runs`)",Dynamo silently drops closure mutations made in methods of locally defined classes,2.14.0+cpu; 2.15.0.dev20260911; 2.15.0.dev20260920,"Windows, Linux","torch 2.14.0+cpu and nightly 2.15.0.dev20260911+cpu (Windows, Python 3.14); reproducible with `backend=""eager""` → Dynamo layer, unrelated to AOTAutograd / Inductor; Linux re-check (Kaggle `tcc-sidelinux` / `tcc-sidegpu`, `kaggle_out/sidelinux.log`, `sidegpu.log`): output on Linux 2.14.0 and nightly 2.15.0.dev20260920 (Python 3.12) identical character for character",yes (state): closure mutations dropped,independent root cause,RC38,Dynamo drops closure mutations made in methods of locally defined classes,Dy,S,P-corpus,STATE,A,Fixed,fixed,2026-09-25,"ezyang (core maintainer) added `actionable`; syerva-g posted a root-cause analysis and opened fix PR #198055 (“Fixes”; closed and reopened, open as of 2026-09-23) | re-check: PR #198055 open (Fixes)",no (open fix PR #198055),
C12,2,0920/11,new issue,jax,https://github.com/jax-ml/jax/issues/40840,"TO_SUBMIT rows 35; `reports_xtarget/jax_gcd_intmin_hang.py`; discovery source `scripts/xtarget_numpy_diff.py --target jax` (the sweep timed out after 1200 seconds on the two items `ii_gcd`, `ii_lcm`; for the remaining 266 items jit and non-jit agree)",jnp.gcd / lcm hang on the integer minimum,jax 0.11.2,"Windows, Linux","jax 0.11.2 / jaxlib 0.11.2, CPU, Windows 11, Python 3.14.7, numpy 2.5.3 (`jax_enable_x64=True`); one separate process per input, 60-second timeout (`reports_xtarget/jax_gcd_intmin_hang.py`). **Linux re-checked** (Kaggle, Linux x86-64, jax 0.11.2, Python 3.12: same table, identical row by row, `kaggle_out/xtargetlinux.log`)","no: JAX eager and jit both never terminate (library defect, attribution C), not an eager!=jit divergence",independent root cause,RC39,jnp.gcd/lcm loop never terminates on INT_MIN,Ext,C,X-cross,CRASH,C,Fixed,fixed,2026-09-25,"JAX maintainer jakevdp self-assigned, thanked for the report and noted the same bug in NumPy (< 2.4.0 for gcd, still present for lcm in 2.5.3); fix PR #40842 open with a regression test | re-check: PR #40842 open (Fixes)",no (open fix PR #40842),
C13,2,0920/12,new issue,pytorch,https://github.com/pytorch/pytorch/issues/198052,"TO_SUBMIT rows 32; `reports_xtarget/dynamo_numpy_semantics.py` (standalone script, 21 cases); discovery source `scripts/xtarget_numpy_diff.py --target dynamo` (268 NumPy-style programs, reference = real NumPy)",compiled NumPy code returns wrong values (np.fix / cbrt / clip / sign),2.14.0+cpu; 2.15.0.dev20260911,Windows,"torch 2.14.0+cpu (numpy 2.5.2) and nightly 2.15.0.dev20260911+cpu (numpy 2.5.3), Windows; reproducible with `backend=""eager""` (the problem lies in the layer where Dynamo translates numpy calls into `torch._numpy`, unrelated to Inductor)",yes: eager and compiled differ on the same program and inputs (silent divergence),independent root cause,RC40,torch._numpy value semantics (fix/cbrt/clip/sign),Dy,S,P-edge,VALUE,A,Pending,pending,2026-09-25,"no human response in snapshot; re-check: 0 human comment(s), labels ['triaged', 'module: numpy', 'oncall: pt2', 'bot-triaged', 'release triage'], human labels ['triaged (frgossen)']",no,
C14,2,0920/13,new issue,pytorch,https://github.com/pytorch/pytorch/issues/198057,"TO_SUBMIT rows 39,43; `reports_intub/remainder_vector_vs_tail.py`; discovery source `scripts/int_ub_sweep.py` (`float_binary:remainder`: the NaN pattern differs at 125 of 1600 pairs)",vectorized remainder: NaN for infinite divisor and 0 for large quotients; result depends on tensor length,2.14.0+cpu; 2.15.0.dev20260911; 2.15.0.dev20260920,"Windows, Linux, CUDA T4","torch 2.14.0+cpu and nightly 2.15.0.dev20260911+cpu (Windows, AVX2); Linux re-check (Kaggle, `kaggle_out/intublinux.log`, `intubgpu.log`): Linux CPU 2.14.0 and nightly 2.15.0.dev20260920 fail as well, and on one of the machines **even a 3-element tensor gives nan** (the tail also takes the masked vector path), while the other, like Windows, is correct at length 3 and wrong at length 8; CUDA (Triton) is correct; `aot_eager` matches eager; `torch.fmod` behaves correctly",yes: eager and compiled differ on the same program and inputs (silent divergence),independent root cause,RC41,CppVecOverrides.remainder,In,S,P-edge,VALUE,A,Pending,pending,2026-09-25,"no human response in snapshot; re-check: 0 human comment(s), labels ['module: cpu', 'triaged', 'module: vectorization', 'module: correctness (silent)', 'oncall: pt2', 'module: inductor', 'bot-triaged', 'release triage'], human labels ['triaged (frgossen)']",no,
C15,2,0920/14,comment,pytorch,https://github.com/pytorch/pytorch/issues/191499#issuecomment-5769459765,TO_SUBMIT rows 37; evidence field missing in draft header,int8/uint8 min/max/argmin/argmax wrong for >=16 elements on x86,2.14.0+cpu; 2.15.0.dev20260911; 2.15.0.dev20260920,"Windows, Linux, CUDA T4","torch 2.14.0+cpu and nightly 2.15.0.dev20260911+cpu, Windows 11 x64 (AVX2, MSVC); Linux re-check (Kaggle, `kaggle_out/intublinux.log`, `intubgpu.log`): two Linux x86-64 machines (GCC) fail as well but **in different ways** — one gives `argmin`=0 and `max`=1 for an all-negative int8 tensor; the other gives `min`=0 and `argmin`=**-8473051087277178060 (an uninitialised index)**; nightly 2.15.0.dev20260920 the same; CUDA (Triton) is correct; `reports_intub/int8_minmax_vector_padding.py`, `argmin_uint8_vectorized.py`",yes: eager and compiled differ on the same program and inputs (silent divergence),"comment adding members (x86, argmin/argmax) to existing #191499 (others' report; fix PR #191543 covers amin/amax)",RC42,int8/uint8 vectorized min/max reductions polluted by inactive lanes,In,S,P-edge,VALUE,A,Pending,pending,2026-09-25,host issue #191499 open; comment under others' issue; human comments on host since 2026-09-21: 0,n/a (comment),
C16,2,0920/15,new issue,pytorch,https://github.com/pytorch/pytorch/issues/198064,"TO_SUBMIT rows 52; `reports_symint/scalar_semantics_leads.py` (the `round(n * 5, -1)` line); discovery source `scripts/symint_arith_diff.py` (case `i:round_int_neg_digits`)",round(SymInt -1) is the identity; round disappears from the graph,2.14.0+cpu; 2.15.0.dev20260911; 2.15.0.dev20260921,"Windows, Linux","torch 2.14.0+cpu and nightly 2.15.0.dev20260911+cpu (Windows, Python 3.14); reproducible with `backend=""eager""` → Dynamo / SymInt layer; the three backends give the same result; Linux re-check (Kaggle `tcc-symintlinux`, `kaggle_out/symintlinux.log`): output on Linux CPU 2.14.0 and nightly 2.15.0.dev20260921 (Python 3.12) identical character for character",yes: eager and compiled differ on the same program and inputs (silent divergence),independent root cause,RC43,SymInt.__round__ ignores negative ndigits,Dy,S,P-scs,VALUE,A,Pending,pending,2026-09-25,"no human response in snapshot; re-check: 0 human comment(s), labels ['triaged', 'module: correctness (silent)', 'oncall: pt2', 'module: dynamic shapes', 'bot-triaged'], human labels ['triaged (frgossen)']",no,
C17,2,0920/16,new issue,pytorch,https://github.com/pytorch/pytorch/issues/198070,"TO_SUBMIT rows 53; `reports_symint/nan_self_compare.py` (11 formulations × 3 backends × {1.0, nan, inf}); discovery source `scripts/symint_arith_diff.py` (case `f:self_eq`)",NaN self-comparison of an .item() value folded to a constant under capture_scalar_outputs,2.14.0+cpu; 2.15.0.dev20260911; 2.15.0.dev20260921,"Windows, Linux","torch 2.14.0+cpu and nightly 2.15.0.dev20260911+cpu (Windows); requires `torch._dynamo.config.capture_scalar_outputs = True` (not the default; #157499 is trying to make it the default, so this item will become more relevant); Linux re-check (Kaggle `tcc-symintlinux`, `kaggle_out/symintlinux.log`): output on Linux CPU 2.14.0 and nightly 2.15.0.dev20260921 (Python 3.12) identical character for character","yes, but only with the non-default torch._dynamo.config.capture_scalar_outputs=True",independent root cause,RC44,SymPy folds NaN self-comparison of an unbacked SymFloat,Dy,S,P-scs,VALUE,A,Pending,pending,2026-09-25,"no human response in snapshot; re-check: 0 human comment(s), labels ['triaged', 'module: NaNs and Infs', 'module: correctness (silent)', 'oncall: pt2', 'module: dynamic shapes', 'bot-triaged', 'release triage'], human labels ['triaged (frgossen)']",no,
C18,2,0920/17,vendor report,msvc,https://developercommunity.visualstudio.com/t/MSVC-x64-optimizer-removes-_mm_add_psx/11155535,"TO_SUBMIT rows 47; `reports_rewrites/msvc_addzero/add_zero.cpp`, `build_and_run.py` (four option levels + assembly); discovery source `scripts/cxx_intrinsic_algebra_diff.py` (10.13 C++ toolchain-layer differential: 42,030 intrinsic combinations, `/Od` vs `/O1`/`/O2`; MSVC shows only two families of differences — the 10 abs(abs) cases of draft 05 and the 30 cases of this item)",MSVC removes _mm_add_ps(x 0.0): -0.0 + 0.0 gives -0.0,MSVC 19.44.35228,Windows (header names no platform; local run),"MSVC 19.44.35228 x64 (VS 2022 17.14); `/Od` is correct; `/O1`, `/O2`, `/O2 /arch:AVX2`, `/O2 /arch:AVX512`, **`/O2 /fp:strict`** are all wrong. The scalar `x + 0.0f` is correct under the same options (`addss` is kept)","n/a (other target): MSVC folds vector add of +0.0, -0.0+0.0 stays -0.0 even under /fp:strict",independent root cause,RC45,MSVC folds vector add of +0.0,Ext,S,X-cross,VALUE,C,Pending,pending,2026-09-25,"Developer Community: status 'new', no vendor response recorded (site has no read API; not re-checked)",no,
C19,2,0920/18,vendor report,msvc,https://developercommunity.visualstudio.com/t/MSVC-x64-optimizer-folds-compare-and-ble/11155537,"TO_SUBMIT rows 48; `reports_rewrites/msvc_blend/blend.cpp`, `build_and_run.py` (7 option levels + assembly); discovery source `scripts/cxx_intrinsic_algebra_diff.py` (vocabulary v2: 109,754 combinations; MSVC shows three families of differences in total: the 10 abs(abs) cases of draft 05, the 30 add-zero cases of draft 17, and about 2,500 cases of this item — all of them involve `blendv_p{s,d}` / `mask_blend_p{s,d}` + a predicate that includes equality, `LE_OS` / `GE_OS` / `NLE_US`; vocabulary v3 has 124,334 combinations in total, with no differences for the FMA family or the AVX-512 integer mask operators); per-family script `scripts/cxx_algebra_families.py`",MSVC folds compare-and-blend with LE/GE predicates,MSVC 19.44.35228,Windows (header names no platform; local run),"MSVC 19.44.35228 x64 (VS 2022 17.14). `/Od` is correct; under `/O2` (SSE encoding) `LE`/`GE` are correct, while **`NLE_US` is already wrong**; **`/O1 /arch:AVX2`, `/O2 /arch:AVX2`, `/O2 /arch:AVX2 /fp:strict`, `/O2 /arch:AVX512` are wrong**; the 256-bit version is wrong as soon as optimization is enabled (it is VEX-encoded in any case)",n/a (other target): MSVC folds compare-and-blend with LE/GE predicates into max/min; wrong operand on signed-zero ties,independent root cause,RC46,MSVC folds compare-and-blend with LE/GE predicates into max/min,Ext,S,X-cross,VALUE,C,Pending,pending,2026-09-25,"Developer Community: status 'new', no vendor response recorded (site has no read API; not re-checked)",no,
C20,2,0920/19,new issue,pytorch,https://github.com/pytorch/pytorch/issues/198056,TO_SUBMIT rows 33; `reports_xtarget/dynamo_numpy_semantics.py`; `results/xtarget/dynamo.jsonl`,compiled NumPy code: different dtype / shape rules (cumsum int8 overflow square->float64 median shape),2.14.0+cpu; 2.15.0.dev20260911,Windows,"torch 2.14.0+cpu (numpy 2.5.2) and nightly 2.15.0.dev20260911+cpu (numpy 2.5.3), Windows, `backend=""eager""`",yes: eager and compiled differ on the same program and inputs (silent divergence),independent root cause,RC47,"torch._numpy dtype/shape rules (cumsum int8, square, median, any)",Dy,S,P-dtype,DTYPE,A,Pending,pending,2026-09-25,"no human response in snapshot; re-check: 0 human comment(s), labels ['triaged', 'module: numpy', 'module: type promotion', 'oncall: pt2', 'module: unsigned int', 'bot-triaged', 'release triage'], human labels ['triaged (frgossen)']",no,
C21,2,0920/20,comment,pytorch,https://github.com/pytorch/pytorch/issues/185337#issuecomment-5769623200,"TO_SUBMIT rows 40; `reports_intub/inductor_value_leads.py` (the two items `x.half().float()`, `x.bfloat16().float()`); discovery source `scripts/int_ub_sweep.py` (`float_unary:cast_half_back`: 54 of 120 boundary values differ)",explicit half().float() round trip removed by Inductor (still reproduces on 2.14 and nightly),2.14.0+cpu; 2.14.0+cu130; 2.15.0.dev20260911; 2.15.0.dev20260920,"Windows, Linux, CUDA T4","torch 2.14.0+cpu and nightly 2.15.0.dev20260911+cpu, Windows x64; Linux re-check (Kaggle, `kaggle_out/intublinux.log`, `intubgpu.log`): output on Linux CPU 2.14.0 and nightly 2.15.0.dev20260920 identical; **on CUDA (T4, 2.14.0+cu130) the casts are eliminated as well** (`[0.1, 70000.0]` returned unchanged); `aot_eager` matches eager",yes: explicit half().float() round trip is elided by Inductor (70000 no longer becomes inf); reproduces on 2.14 and nightly,comment adding 2.14/nightly reproduction to closed #185337 (others' report; asked for reopen),RC48,Inductor elides explicit half().float() round trip,In,S,P-dtype,VALUE,A,Pending,pending,2026-09-25,host issue #185337 closed; comment under others' issue; human comments on host since 2026-09-21: 0,n/a (comment),
C22,2,0920/21,new issue,pytorch,https://github.com/pytorch/pytorch/issues/198071,"TO_SUBMIT rows 41; `reports_intub/floor_divide_python_example.py` (the clamp cases in the second half), `reports_intub/inductor_value_leads.py`; discovery source `scripts/int_ub_sweep.py` (`int_unary:clamp_wide`, `clamp_min_big`)",clamp(int8 -1000 1000) returns -24 everywhere: bounds wrapped into int8,2.14.0+cpu; 2.14.0+cu130; 2.15.0.dev20260911,"Windows, Linux, CUDA T4","torch 2.14.0+cpu: eager and `aot_eager` raise `RuntimeError: value cannot be converted to type int8_t without overflow`, Inductor returns wrong values; nightly 2.15.0.dev20260911+cpu: eager and `aot_eager` **return the original tensor** (the bound is treated as ""unconstrained""), Inductor still returns the same wrong values. Windows x64; Linux re-check (Kaggle, `kaggle_out/intublinux.log`, `intubgpu.log`): on Linux CPU the output of both versions is identical character for character to the text below; on CUDA (T4, 2.14.0+cu130) Inductor likewise returns `[-24, -24, -24, -24, -24]`",yes: eager and compiled differ on the same program and inputs (silent divergence),independent root cause,RC49,"ops.constant wraps an out-of-range Python scalar into the tensor dtype (clamp bounds, pad value)",In,S,P-edge,VALUE,A,Pending,pending,2026-09-25,"no human response in snapshot; re-check: 0 human comment(s), labels ['triaged', 'module: correctness (silent)', 'oncall: pt2', 'module: inductor', 'bot-triaged', 'release triage'], human labels ['triaged (frgossen)']",no,
C23,2,0920/22,comment,pytorch,https://github.com/pytorch/pytorch/issues/197554#issuecomment-5769650186,"TO_SUBMIT rows 50; `reports_surgery/safety_mechanisms_lost.py` (10-row comparison), `deterministic_mode_parity.py` (error parity under deterministic mode for the forward/backward of 36 operators ""without a deterministic implementation"" × CPU/CUDA + filling of 7 `empty*` variants); discovery source `scripts/model_surgery_diff.py` (10.4, 3 of 76 cases)",three protections lost under Inductor (inference tensors deterministic fill etc.),2.14.0+cpu; 2.14.0+cu130; 2.15.0.dev20260911; 2.15.0.dev20260921,"Windows, Linux, CUDA T4","torch 2.14.0+cpu and nightly 2.15.0.dev20260911+cpu (Windows); Linux re-check (Kaggle `tcc-safetylinux` / `tcc-safetygpu`, `kaggle_out/safetylinux.log`, `safetygpu.log`): output on Linux CPU 2.14.0 and nightly 2.15.0.dev20260921 identical character for character; on T4 CUDA (2.14.0+cu130) the first two items are lost as well, and for the third item only integer `empty` is left unfilled on CUDA. For all three items `aot_eager` matches eager and only Inductor differs",yes (exception parity): three protections raise in eager and are silent under Inductor,"comment adding 3 members (inference-tensor check, deterministic put_, fill_uninitialized_memory) to umbrella #197554",RC50,"Inductor loses three eager protections (inference tensor in-place, deterministic put_, fill_uninitialized_memory) (bundle)",In,S,P-edge,EXC,A,Pending,pending,2026-09-25,host issue #197554 open; comment under others' issue; human comments on host since 2026-09-21: 2 -> eellison(2026-09-22); drisspg(2026-09-23),n/a (comment),
C24,2,0920/23,new issue,pytorch,https://github.com/pytorch/pytorch/issues/198072,"TO_SUBMIT rows 55; `reports_fx/codegen_param_shadows_inf_nan.py` (symbolic_trace reproduction), `codegen_name_shadowing.py` (16 placeholder names × hand-built graphs; intermediate node names are not affected)",torch.fx: forward parameters named nan / inf shadow float constants in generated code,2.14.0+cpu; 2.15.0.dev20260911; 2.15.0.dev20260921,"Windows, Linux","torch 2.14.0+cpu and nightly 2.15.0.dev20260911+cpu (Windows, Python 3.14); pure `torch.fx`, no C++ compiler needed; Linux re-check (Kaggle `tcc-fxlinux`, `kaggle_out/fxlinux.log`): output on Linux CPU 2.14.0 and nightly 2.15.0.dev20260921 identical character for character",yes (torch.fx contract): generated forward disagrees with Interpreter/eager when a parameter is named nan/inf,independent root cause,RC51,FX codegen parameter named nan/inf shadows the float constant,Fx,S,P-corpus,VALUE,B,Pending,pending,2026-09-25,"no human response in snapshot; re-check: 0 human comment(s), labels ['triage review', 'module: correctness (silent)', 'module: fx', 'bot-triaged', 'release triage'], human labels []",no,
C25,2,0920/24,comment,pytorch,https://github.com/pytorch/pytorch/issues/174386#issuecomment-5769669193,"TO_SUBMIT rows 56; `reports_surgery/issue_174386_recheck.py` (original reproduction + 5 variants), `deterministic_mode_parity.py` (7 `empty*` variants × CPU/CUDA); discovery source `scripts/model_surgery_diff.py` (10.4, case `deterministic_mode_empty_is_filled`)",deterministic mode: empty* not filled with NaN / max on Inductor CPU,2.14.0+cpu; 2.14.0+cu130; 2.15.0.dev20260911; 2.15.0.dev20260921,"Windows, Linux, CUDA T4","torch 2.14.0+cpu and nightly 2.15.0.dev20260911+cpu (Windows); Linux CPU 2.14.0 and nightly 2.15.0.dev20260921 likewise do not fill; Tesla T4 CUDA (2.14.0+cu130): floating-point `empty*` are filled, **integer dtypes are still not filled** (Kaggle `tcc-safetylinux` / `tcc-safetygpu`, `kaggle_out/safetylinux.log`, `safetygpu.log`). `aot_eager` matches eager",yes: documented deterministic fill is applied by eager and not by Inductor CPU (reproduces on 2.14 and nightly after the fix),comment adding 2.14/nightly reproduction to closed #174386 (others' report; asked for reopen),RC52,Inductor CPU ignores deterministic fill of empty*,In,S,Q-context,VALUE,A,Pending,pending,2026-09-25,host issue #174386 closed; comment under others' issue; human comments on host since 2026-09-21: 0,n/a (comment),
C26,2,0920/25,comment,pytorch,https://github.com/pytorch/pytorch/issues/197889#issuecomment-5769751990,"TO_SUBMIT rows 57; `reports_scalar_seq/specialized_value_census_v2.py` (11.2 census v2: 56 programs — 18 shape/index programs, 18 decompositions that branch on values, 7 SymBool programs, 13 int-argument programs; on nightly 7 are silently wrong and 5 fail to compile); log `results/scalar_seq/census_v2_nightly.log`",second entry point of the same root cause: float-derived integer arguments baked in,2.14.0+cpu; 2.15.0.dev20260911,Windows,torch 2.14.0+cpu and nightly 2.15.0.dev20260911+cpu (Windows); disabling either the FX graph cache or the AOTAutograd cache gives the correct result (same as #197889),yes: same mechanism as C3 for float-derived int arguments,comment adding members (float-derived int arguments) to own #197889 (RC30),RC30,cached graph keeps a stale specialised Python scalar (float or float-derived int),Dy,S,Q-seq,VALUE,A,Pending,pending,2026-09-25,host issue #197889 open; comment under own issue; human comments on host since 2026-09-21: 0,n/a (comment),
C27,2,0920/26,new issue,pytorch,https://github.com/pytorch/pytorch/issues/198077,"TO_SUBMIT rows 58; `reports_fx/pickle_roundtrip_changes_semantics.py` (4 graphs × original / deepcopy / pickle / torch.save), `dynamo_graph_pickle.py` (the `buf += g` graph captured by Dynamo; after pickling, the buffer is no longer updated); discovery source `scripts/fx_codegen_vs_interpreter.py` (11.1: 10,518 hand-built FX graphs, comparing four executions: Interpreter, `forward`, deepcopy, pickle; 103 graphs differ in the pickle tier)",GraphModule pickle / torch.save round trip turns in-place operator nodes into out-of-place ones,2.14.0+cpu; 2.15.0.dev20260911; 2.15.0.dev20260921,"Windows, Linux","torch 2.14.0+cpu and nightly 2.15.0.dev20260911+cpu (Windows, Python 3.14); pure `torch.fx`, no C++ compiler needed; Linux re-check (Kaggle `tcc-fxpicklelinux`, 2026-09-22): on 2.14.0+cpu and nightly 2.15.0.dev20260921+cpu the output of both code blocks is identical character for character to the text below (`kaggle_out/fxpicklelinux/log.txt`)",yes (torch.fx contract): pickled/torch.saved GraphModule computes something else than the original,independent root cause,RC53,GraphModule pickle round trip retraces in-place operators as out-of-place,Fx,S,Q-artifact,STATE,B,Pending,pending,2026-09-25,"no human response in snapshot; re-check: 0 human comment(s), labels ['triage review', 'module: pickle', 'module: serialization', 'module: correctness (silent)', 'module: fx', 'bot-triaged', 'release triage'], human labels []",no,
C28,2,0920/27,comment,pytorch,https://github.com/pytorch/pytorch/issues/183607#issuecomment-5769757314,TO_SUBMIT rows 60; `reports_pairs/half_intermediates_cpu.py` (generated C++ kernel: `convert<float>` → the whole chain → `convert<at::Half>` only at the store; `isinf` reads the float intermediate `tmp2`),float16 fused chains: intermediates not rounded to float16; isinf(y) False while y is inf,2.14.0+cpu; 2.14.0+cu130; 2.15.0.dev20260911; 2.15.0.dev20260921,"Windows, Linux, CUDA T4","Windows: torch 2.14.0+cpu and nightly 2.15.0.dev20260911+cpu; Linux CPU: 2.14.0 and nightly 2.15.0.dev20260921; Tesla T4: 2.14.0+cu130 and nightly 2.15.0.dev20260921+cu130 (Kaggle `tcc-halflinux`, `tcc-halfgpu`, `kaggle_out/half*/log.txt`) — all six combinations identical character for character",yes: fp16 intermediates computed in float32 give inf with isinf False in the same call,comment adding members (fp16 input without explicit cast; isinf inconsistency) to existing #183607 (others' report),RC54,Inductor CPU keeps fp16 fused-chain intermediates in float32,In,S,P-dtype,VALUE,A,Pending,pending,2026-09-25,host issue #183607 open; comment under others' issue; human comments on host since 2026-09-21: 0,n/a (comment),
C29,2,0920/28,new issue,pytorch,https://github.com/pytorch/pytorch/issues/198081,"TO_SUBMIT rows 65; `reports_pairs/cuda_scan_and_any_u8.py` (second half); discovery source `scripts/opinfo_edge_sweep.py` (11.4: all OpInfo operators × boundary values × int8/uint8/int16/bool, Linux; the only dtype difference among 1455 pairs)",torch.any(uint8) returns bool instead of uint8 under Inductor,2.14.0+cpu; 2.14.0+cu130; 2.15.0.dev20260911; 2.15.0.dev20260921,"Windows, Linux, CUDA T4","torch 2.14.0+cpu and nightly 2.15.0.dev20260911+cpu (Windows); Linux CPU 2.14.0 (Kaggle `tcc-edgeint`, discovery source); Tesla T4 CUDA 2.14.0+cu130 and nightly 2.15.0.dev20260921+cu130 likewise return bool (Kaggle `tcc-scangpu`, `kaggle_out/scangpu/log.txt`)",yes: eager and compiled differ on the same program and inputs (silent divergence),independent root cause,RC55,lowering of any() returns bool for uint8,In,S,P-dtype,DTYPE,A,Confirmed,pending,2026-09-25,"CHANGED since 09-23: vikrambal located the root cause (reduce_any lowering bypasses _refs.any dtype handling, 09-22); no PR yet | re-check: 1 human comment(s), PRs [], human labels ['triaged (frgossen)']",no,"human comment(s) present but no verdict in snapshot: vikrambal(NONE,2026-09-22): 'Hello, I would love to work on this. I confirmed the root cause by taking a look at the code:\n_refs.any already preserve'"
C30,2,0920/29,comment,pytorch,https://github.com/pytorch/pytorch/issues/197554#issuecomment-5770289099,"TO_SUBMIT rows 68; `reports_pairs/dtype_not_implemented_lost.py`; discovery source `reports_pairs/lowering_vs_decomp_special_cases.py` (12.1: operators that have a dedicated lowering and whose decomposition contains a dtype special case × inputs that trigger the special case, 106 cases)",'dtype not implemented in eager' family: round(int8 decimals) glu(int8) adaptive pools ...,2.14.0+cpu; 2.15.0.dev20260911,Windows,torch 2.14.0+cpu and nightly 2.15.0.dev20260911+cpu (Windows); `aot_eager` matches eager on every row,yes (exception parity): same class as C37,comment adding members (dtype-not-implemented family) to maintainers' umbrella #197554; same mechanism as C37 (RC56),RC56,decompositions compute on dtypes whose eager kernels raise NotImplementedError (134 ops),In,S,P-dtype,EXC,A,Pending,pending,2026-09-25,host issue #197554 open; comment under others' issue; human comments on host since 2026-09-21: 2 -> eellison(2026-09-22); drisspg(2026-09-23),n/a (comment),
C31,2,0920/30,comment,pytorch,https://github.com/pytorch/pytorch/issues/198071#issuecomment-5770296071,TO_SUBMIT rows 69; `reports_pairs/dtype_not_implemented_lost.py` (last three cases); discovery source `reports_pairs/lowering_vs_decomp_special_cases.py` (12.1),F.pad fill value wraps into the integer dtype,2.14.0+cpu; 2.15.0.dev20260911,Windows,torch 2.14.0+cpu and nightly 2.15.0.dev20260911+cpu (Windows); `aot_eager` matches eager,yes: eager and compiled differ on the same program and inputs (silent divergence),comment adding members (F.pad fill value) to own #198071 (RC49),RC49,"ops.constant wraps an out-of-range Python scalar into the tensor dtype (clamp bounds, pad value)",In,S,P-edge,VALUE,A,Pending,pending,2026-09-25,host issue #198071 open; comment under own issue; human comments on host since 2026-09-21: 0,n/a (comment),
C32,2,0920/31,new issue,pytorch,https://github.com/pytorch/pytorch/issues/198118,"TO_SUBMIT rows 71; `reports_pairs/conj_lost_under_dispatch_mode.py` (main reproduction), `python_key_conj_composites.py` (51 complex linalg composite kernels; only pinv/pinverse/polar fail), with the logic of `$TEMP/linalg_scan.py` merged in (sweep of the whole `torch.linalg` namespace: pinv, polar, matrix_sqrth); discovery source `scripts/opinfo_edge_sweep.py` int64/float64/complex64 group (Linux, the `linalg.polar complex64` row) → localised layer by layer to `_AnalyzeCustomOpInputOutputMode` → any TorchDispatchMode → reproducible by excluding the Conjugate dispatch key",complex pinv / polar / matrix_sqrth wrong under any TorchDispatchMode (conj views not materialised),2.14.0+cpu; 2.14.0+cu130; 2.15.0.dev20260911,"Windows, Linux, CUDA T4","torch 2.14.0+cpu and nightly 2.15.0.dev20260911+cpu (Windows); both complex64 and complex128 are wrong, float32 is correct; Linux CPU 2.14.0 and nightly dev20260921 same as Windows; Tesla T4 CUDA (2.14.0+cu130 and nightly): `polar` is wrong as well (|mode − eager| 2.07 / 1.78), `pinv` is correct on CUDA (the cuSOLVER path does not use the same internal formula) — Kaggle `tcc-conjgpu`, `kaggle_out/conjgpu/log.txt`",yes: any TorchDispatchMode (including the forwarding mode torch.compile uses at runtime) changes eager values,independent root cause (RC01; supersedes B1's attribution),RC01,complex conj view not materialised inside composite linalg kernels under any TorchDispatchMode (pinv/polar/matrix_sqrth/lstsq),DM,S,Q-context,VALUE,B,Pending,pending,2026-09-25,"no human response in snapshot; re-check: 0 human comment(s), labels ['triage review', 'module: complex', 'module: linear algebra', 'module: correctness (silent)', 'module: __torch_dispatch__', 'module: python dispatcher', 'bot-triaged', 'release triage'], human labels []",no,
C33,2,0920/32,comment,pytorch,https://github.com/pytorch/pytorch/issues/197084#issuecomment-5770677350,"TO_SUBMIT row: none; `reports_pairs/conj_lost_under_dispatch_mode.py`; for the gradient part, see the code block of this draft",correction: the wrong gradient of B1 comes from the forward under the dispatch mode,2.14.0+cpu; 2.15.0.dev20260911,Windows (header names no platform; local run),"torch 2.14.0+cpu and nightly 2.15.0.dev20260911+cpu: the eager gradient under a forwarding mode and the compiled gradient are bitwise identical (difference 0.0), and both differ from the float64 reference by 17.4 (the 1.7e+01 of the original issue); running only the forward pass under the mode and the backward pass outside it gives the same wrong gradient","yes: same divergence as B1, corrected attribution",comment adding the corrected root cause to own #197084 (RC01),RC01,complex conj view not materialised inside composite linalg kernels under any TorchDispatchMode (pinv/polar/matrix_sqrth/lstsq),DM,S,Q-context,GRAD,B,Pending,pending,2026-09-25,host issue #197084 open; comment under own issue; human comments on host since 2026-09-21: 0,n/a (comment),
C34,2,0920/33,new issue,pytorch,https://github.com/pytorch/pytorch/issues/198119,"TO_SUBMIT rows 72; `reports_pairs/avg_pool_ceil_mode_backward.py`; discovery source `scripts/opinfo_edge_sweep.py --grad` (12.2: all OpInfo operators × boundary values × backward, float32, 454 pairs; `nn.functional.avg_pool1d` sample 2)",avg_pool backward with ceil_mode uses the full kernel size as divisor for the last window,2.14.0+cpu; 2.14.0+cu130; 2.15.0.dev20260911,"Windows, Linux, CUDA T4","torch 2.14.0+cpu and nightly 2.15.0.dev20260911+cpu (Windows); both 1-D and 2-D are wrong (3-D takes the fallback and is correct); `aot_eager` matches eager; Tesla T4 CUDA (2.14.0+cu130 and nightly dev20260921) identical character for character (Kaggle `tcc-avgpoolgpu`, `kaggle_out/avgpoolgpu/log.txt`); Linux CPU the same",yes: eager and compiled differ on the same program and inputs (silent divergence),independent root cause,RC57,avg_pool backward ceil_mode divisor,In,S,P-edge,GRAD,A,Pending,pending,2026-09-25,"no human response in snapshot; re-check: 0 human comment(s), labels ['triaged', 'module: correctness (silent)', 'module: pooling', 'oncall: pt2', 'module: inductor', 'bot-triaged', 'release triage'], human labels ['triaged (frgossen)']",no,
C35,2,0920/34,new issue,pytorch,https://github.com/pytorch/pytorch/issues/198133,TO_SUBMIT rows 75; `reports_pairs/vector_acosh_erfinv.py` (mpmath 30-digit reference); discovery source `reports_pairs/large_arg_special_functions.py` (extension of 11.4: special functions × large arguments/near singularities × vector/scalar path),erfinv loses accuracy near +-1 on Inductor CPU,2.14.0+cpu; 2.14.0+cu130; 2.15.0.dev20260911,"Windows, Linux, CUDA T4","torch 2.14.0+cpu and nightly 2.15.0.dev20260911+cpu (Windows); the scalar tail and the vector body (n=3 and n=64) are equally wrong; Linux gcc (Kaggle `tcc-sleeflinux`): wrong as well but by a smaller magnitude (f32 7.8e-6, f64 6.2e-5); Tesla T4 (Kaggle `tcc-erfinvgpu`, 2.14.0+cu130 and nightly): the CUDA compiled result matches the reference — specific to the CPU backend",yes: relative error 7.5e-3 (MSVC) / 7.8e-6 (gcc) vs eager exact to a 30-digit reference; beyond the float32 tolerance,independent root cause,RC58,ATen calc_erfinv cancellation near +-1 (CPU),In,S,P-edge,PRECISION,A,Pending,pending,2026-09-25,"no human response in snapshot; re-check: 0 human comment(s), labels ['module: cpu', 'triaged', 'module: correctness (silent)', 'oncall: pt2', 'module: inductor', 'bot-triaged', 'release triage'], human labels ['triaged (frgossen)']",no,
C36,2,0920/35,new issue,pytorch,https://github.com/pytorch/pytorch/issues/198134,"TO_SUBMIT rows 76; `reports_pairs/vector_acosh_erfinv.py`; discovery source `scripts/opinfo_edge_sweep.py` int64/float64/complex64 group (Linux), the `acosh float64` row + `reports_pairs/large_arg_special_functions.py`",vectorized float64 acosh overflows for x > 1.34e154,2.14.0+cpu; 2.15.0.dev20260911,"Windows, Linux, CUDA T4","torch 2.14.0+cpu and nightly 2.15.0.dev20260911+cpu (Windows, AVX2); the 11.4 sweep hits it on Linux gcc as well; threshold √DBL_MAX ≈ 1.34e154 (1.34e154 is finite, inf from 1.35e154 upwards); n ≥ 8 takes the vector path and is wrong, the n = 3 scalar tail is correct; float32 is correct (the SLEEF float path was already handled in the #184359 group); Tesla T4 CUDA is correct (Kaggle `tcc-erfinvgpu`) — specific to the CPU vector backend",yes: compiled float64 acosh returns inf where eager is finite,independent root cause,RC59,Vectorized<double>::acosh overflow (SLEEF),In,S,P-edge,VALUE,A,Pending,pending,2026-09-25,"no human response in snapshot; re-check: 0 human comment(s), labels ['module: cpu', 'triaged', 'module: sleef', 'module: correctness (silent)', 'oncall: pt2', 'module: inductor', 'bot-triaged', 'release triage'], human labels ['triaged (frgossen)']",no,
C37,2,0920/36,new issue,pytorch,https://github.com/pytorch/pytorch/issues/198155,"TO_SUBMIT rows 77; `kaggle_out/edgeunsup/cases.jsonl`, `results/pairs/unsupported_family_list.md` (grouped list), `reports_pairs/unsupported_dtype_family.py` (41 representative cases, re-checked locally)",134 operators run under compile on dtypes their eager kernels reject (418 pairs),2.14.0; 2.15.0.dev20260911,"Windows, Linux","The full list comes from Linux CPU (Kaggle `tcc-edgeunsup`, torch 2.14.0, `scripts/opinfo_edge_sweep.py --unsupported`: all OpInfo operators × the dtypes each of them does not support, 1,345 pairs); on Windows, 41 representative cases were re-checked on 2.14.0 and nightly 2.15.0.dev20260911: 33 are silent (the other 8 raise an explicit error)","yes (exception parity): eager raises NotImplementedError, compiled returns values no eager kernel defines; class tracked by maintainers in #197554",independent root cause (RC56); exhaustive list of the family C30 sketched,RC56,decompositions compute on dtypes whose eager kernels raise NotImplementedError (134 ops),In,S,P-dtype,EXC,A,Confirmed,pending,2026-09-25,"AMBIGUOUS: maintainer eellison (09-22) questions restricting compile for an eager limitation; draft PR #198316 (no 'Fixes' keyword) covers 6 bitwise ops (09-23). Counted Confirmed (maintainer engaged); by the letter of rule 1 a fix PR exists -> could be Fixed; by eellison's view part of it could be Rejected | re-check: 3 human comment(s), PRs [(198316, 'open', False)], human labels ['triaged (frgossen)']",no (open PR referencing it: #198316),"human comment(s) present but no verdict in snapshot: eellison(CONTRIBUTOR,2026-09-22): ""IMO, there's no particular reason to restrict torch.compile here because of an eager limitation, if the operator is well""; shyamsharmas124-commits(NONE,2026-09-23): 'Opened a draft PR covering 6 of the operators here: bitwise_not, bitwise_and, bitwise_or, bitwise_xor, and their reflect'; shyamsharmas124-commits(NONE,2026-09-23): ""@eellison that's a fair challenge, and it applies directly to #198316 -- want to ask before doing anything else with it."""
C38,2,0920/37,comment,pytorch,https://github.com/pytorch/pytorch/issues/198155#issuecomment-5773214257,TO_SUBMIT rows 81; `kaggle_out/edgeunsupgpu/cases.jsonl`,the same family on CUDA: 383 silent pairs of which 73 CUDA-specific,2.14.0+cu130,"Linux, CUDA T4","Tesla T4, torch 2.14.0+cu130 (Kaggle `tcc-edgeunsupgpu`, `--unsupported --device cuda`, 1,303 pairs)",yes (exception parity): same class as C37 on CUDA,comment adding CUDA members to own #198155 (RC56),RC56,decompositions compute on dtypes whose eager kernels raise NotImplementedError (134 ops),In,S,P-dtype,EXC,A,Pending,pending,2026-09-25,host issue #198155 open; comment under own issue; human comments on host since 2026-09-21: 3 -> eellison(2026-09-22); shyamsharmas124-commits(2026-09-23); shyamsharmas124-commits(2026-09-23),n/a (comment),
C39,2,0920/38,comment,pytorch,https://github.com/pytorch/pytorch/issues/198118#issuecomment-5773243640,"TO_SUBMIT rows 82; `scripts/dispatch_mode_grad_sweep.py` (955 differentiable (operator, dtype) pairs: only the complex gradients of pinv/pinverse, matrix_sqrth and lstsq change under the mode), `reports_pairs/lstsq_complex_grad_under_mode.py`",the dispatch-mode mechanism also breaks linalg.lstsq backward; FlopCounterMode triggers it,2.14.0+cpu; 2.15.0.dev20260911,Windows,torch 2.14.0+cpu and nightly 2.15.0.dev20260911+cpu (Windows),yes: gradient under a dispatch mode differs from plain eager (lstsq); FlopCounterMode alone triggers it,"comment adding members (lstsq backward, FlopCounterMode) to own #198118 (RC01)",RC01,complex conj view not materialised inside composite linalg kernels under any TorchDispatchMode (pinv/polar/matrix_sqrth/lstsq),DM,S,Q-context,GRAD,B,Pending,pending,2026-09-25,host issue #198118 open; comment under own issue; human comments on host since 2026-09-21: 0,n/a (comment),
C40,2,0920/39,new issue,pytorch,https://github.com/pytorch/pytorch/issues/198183,"TO_SUBMIT rows 85; `scripts/special_vs_mpmath.py` (8.3: 44 unary math functions × near singularities/large arguments × n=64 × f32/f64 vs mpmath 30 digits; hits erf, atanh, erfinv, acosh), with the logic of `$TEMP/erfcurve.py` / `erf2.py` merged into the code in the draft",vectorized float32 erf loses all relative accuracy near 0; vector atanh returns 0 below eps,2.14.0+cpu; 2.15.0.dev20260911; 2.15.0.dev20260922,"Windows, Linux","torch 2.14.0+cpu and nightly 2.15.0.dev20260911+cpu (Windows, eager capability AVX512); n=3 (scalar tail) is correct, n ≥ 8 (vector body) is wrong; float64 `erf` is correct (the float64 vector erf uses a different implementation); Linux (Kaggle `tcc-erflinux`, 2.14.0+cpu and nightly 2.15.0.dev20260922+cpu, capability AVX2) is wrong in the same way: the n=64 curve agrees point by point (1e-7→0, relative error 1.7e-2 at 1e-5), and n=3 is wrong as well (under gcc the tail loop uses a masked vector; there is no scalar tail)",yes: compiled float32 erf returns 0 for |x|<=1e-7 and 1.7e-2 relative error at 1e-5; eager exact,independent root cause,RC60,Vectorized<float>::erf polynomial loses relative accuracy near 0 (and atanh),In,S,P-edge,PRECISION,A,Pending,pending,2026-09-25,"no human response in snapshot; re-check: 0 human comment(s), labels ['oncall: pt2', 'oncall: cpu inductor', 'bot-triaged'], human labels []",no,
C41,2,0920/40,new issue,pytorch,https://github.com/pytorch/pytorch/issues/198189,"TO_SUBMIT rows 89; `scripts/graph_break_insertion_diff.py` (7.6: a graph break inserted statement by statement into the 185-program corpus; for `collections_types` the key order becomes `['z','a']` when one break is inserted around each of `od['a']=…` and `move_to_end`); `$TEMP/od_input.py`, `od_variants.py`, `od_bisect.py` (minimisation: no graph break is needed; it suffices that the dict is an argument or an object attribute)",OrderedDict.move_to_end on an input dict is silently dropped,2.14.0+cpu; 2.15.0.dev20260911; 2.15.0.dev20260922,"Windows, Linux","torch 2.14.0+cpu and nightly 2.15.0.dev20260911+cpu (Windows, Python 3.14); `backend=""eager""`, independent of the backend, pure Dynamo; **Linux x86-64 / Python 3.12 re-checked** (Kaggle `tcc-dynsemlinux`, torch 2.14.0 and nightly 2.15.0.dev20260922: the `collections_types` divergence of `graph_break_insertion_diff.py` is identical item by item to Windows)",yes (state): move_to_end on an input dict silently dropped,independent root cause,RC61,Dynamo OrderedDict.move_to_end not replayed,Dy,S,Q-gbreak,STATE,A,Fixed,pending,2026-09-25,"CHANGED since 09-23: fix PR #198518 '[dynamo] Fix silent dropped mutation for OrderedDict.move_to_end' (Fixes) opened; vikrambal root cause 09-22 | re-check: 1 human comment(s), PRs [(198518, 'open', True)], human labels ['low priority (frgossen)', 'triaged (frgossen)']",no (open fix PR #198518),"human comment(s) present but no verdict in snapshot: vikrambal(NONE,2026-09-22): 'Hello, this seems interesting to claim. Can I take it on? Here is my assessment of the root cause - \n\n- OrderedDictVaria'"
C42,2,0920/41,new issue,pytorch,https://github.com/pytorch/pytorch/issues/198190,"TO_SUBMIT rows 90; `scripts/reconstruct_diff.py` (12.6: reconstruction differential over 79 kinds of returned objects — enumerate / reversed / islice / tee / a partially consumed list_iterator / generator expressions / `Module.children()` likewise become tuple_iterator; all the others, partial / namedtuple / exception chains / defaultdict / deque / ChainMap / slices / big integers / dict views etc., agree), `$TEMP/gen_kinds.py` (trigger conditions); `scripts/graph_break_insertion_diff.py` (7.6: a graph break inserted statement by statement into the corpus; `gen_send` / `gen_throw` gain an AttributeError, `gen_retu",a generator that escapes the compiled region comes back as an exhausted tuple_iterator,2.14.0+cpu; 2.15.0.dev20260911; 2.15.0.dev20260922,"Windows, Linux","torch 2.14.0+cpu and nightly 2.15.0.dev20260911+cpu (Windows, Python 3.14); `backend=""eager""`; the same with `torch._dynamo.config.enable_faithful_generator_behavior` true or false; **Linux x86-64 / Python 3.12 re-checked** (Kaggle `tcc-dynsemlinux`, torch 2.14.0 and nightly 2.15.0.dev20260922: the `gen_send` / `gen_throw` / `gen_return_value_stopiteration` divergences of `graph_break_insertion_diff.py` are identical item by item to Windows)",yes (type/alias): generator returned from a compiled region comes back as an exhausted tuple_iterator,independent root cause,RC62,escaped generator reconstructed as an exhausted tuple_iterator,Dy,S,Q-gbreak,ALIAS,A,Confirmed,pending,2026-09-25,"CHANGED since 09-23 (judgement call): JEWEL169 analysed LocalGeneratorObjectVariable reconstruction and argues it is a bug (09-22); no maintainer comment, no PR | re-check: 1 human comment(s), PRs [], human labels ['triaged (frgossen)']",no,"human comment(s) present but no verdict in snapshot: JEWEL169(NONE,2026-09-22): ""I'd like to pick this up if nobody on the pt2 side is already on it.\n\nOne more data point in favour of treating this as """
C43,2,0920/41b,comment,pytorch,https://github.com/pytorch/pytorch/issues/198190#issuecomment-5776320367,"TO_SUBMIT row: none; `scripts/reconstruct_diff.py` (reconstruction differential over 79 kinds of returned objects, `results/reconstruct/cases.jsonl`), `$TEMP/gen_kinds.py` (trigger conditions); ledger row 90",trigger condition (tensor work in the body) and the iterator family,2.14.0+cpu; 2.15.0.dev20260911,Windows,"torch 2.14.0+cpu and nightly 2.15.0.dev20260911+cpu (Windows, Python 3.14); `backend=""eager""`",yes: same divergence as C42 (trigger condition),comment adding trigger condition / iterator family to own #198190 (RC62),RC62,escaped generator reconstructed as an exhausted tuple_iterator,Dy,S,Q-gbreak,ALIAS,A,Pending,pending,2026-09-25,host issue #198190 open; comment under own issue; human comments on host since 2026-09-21: 1 -> JEWEL169(2026-09-22),n/a (comment),
C44,2,0920/42,new issue,pytorch,https://github.com/pytorch/pytorch/issues/198192,"TO_SUBMIT rows 94; `tcc/dynamo_semantics_batch4.py::try_error_in_except_handler` (baseline divergence of corpus batch 4, ledger row 94); `$TEMP/nested_try.py`, `nested_try2.py`, `exc_types.py` (25 kinds of operator errors: in the IndexError family 12/12 escape, in the RuntimeError family 10/11 are caught — the single exception, `gather` out of bounds, is a run-time data-dependent error and is treated separately; the TypeError family becomes `Unsupported`)",IndexError raised by a tensor op skips the user's except handler,2.14.0+cpu; 2.15.0.dev20260911,Windows,"torch 2.14.0+cpu and nightly 2.15.0.dev20260911+cpu (Windows, Python 3.14); `backend=""eager""`, pure Dynamo; the same with `fullgraph` true or false (with false it does not fall back to eager either)","yes (exception): IndexError skips the user's handler under compile, caught in eager",independent root cause,RC63,IndexError from a tensor op skips the user's except handler,Dy,S,P-corpus,EXC,A,Pending,pending,2026-09-25,"no human response in snapshot; re-check: 0 human comment(s), labels ['triaged', 'oncall: pt2', 'module: dynamo', 'bot-triaged', 'release triage'], human labels []",no,
C45,2,0920/42b,comment,pytorch,https://github.com/pytorch/pytorch/issues/198192#issuecomment-5778031868,"TO_SUBMIT rows 100; `tcc/dynamo_semantics_batch5.py` (33 exception-semantics programs, `results/dynsem5/`: all 44 divergences in 22 programs belong to this family; for TypeError / ZeroDivisionError / assert / `torch._check` / `except*` / warnings each program matches eager); ledger row 100",every handler shape is skipped (except Exception suppress __exit__ ...); NotImplementedError too,2.14.0+cpu; 2.15.0.dev20260921,Windows,"torch 2.14.0+cpu and nightly 2.15.0.dev20260921+cpu (Windows, Python 3.14); `backend=""eager""`",yes (exception): same class as C44 for every handler shape,comment adding handler shapes to own #198192 (RC63),RC63,IndexError from a tensor op skips the user's except handler,Dy,S,P-corpus,EXC,A,Pending,pending,2026-09-25,host issue #198192 open; comment under own issue; human comments on host since 2026-09-21: 0,n/a (comment),
C46,2,0920/43,new issue,pytorch,https://github.com/pytorch/pytorch/issues/198205,"TO_SUBMIT rows 99; the 7.7 sweep `scripts/export_roundtrip_edge.py` segfaults the process at `slice_scatter` (exit code 139) → minimised with `$TEMP/ss_min.py` / `ss_var.py` / `ss_size.py` / `ss_omp.py`: unrelated to the operator, it depends only on the number of output elements being ≥ 4096 (Inductor `cpp.min_chunk_size`, i.e. the threshold at which the loop is parallelised with `#pragma omp parallel`); none of the four remedies `cfg.cpp.threads = 1`, `cfg.cpp.min_chunk_size = 1e9`, `OMP_NUM_THREADS=1`, and `time.sleep(2)` before destruction crashes; `-X faulthandler` shows several threads hitting an access violation simultaneously",destroying an AOTI runner right after a run crashes the process on Windows (OpenMP workers still spinning),2.14.0+cpu; 2.15.0.dev20260911,"Windows, Linux","torch 2.14.0+cpu and nightly 2.15.0.dev20260911+cpu (Windows 11, MSVC 19.44, Python 3.14, 8 cores); Linux (Kaggle `tcc-aotifreelinux2`, 2.14 + nightly 0922): all 9 combinations exit normally — **Windows only**",yes (artifact path): eager fine; AOTI runner destruction crashes the process on Windows,independent root cause,RC64,AOTI runner destroyed while OpenMP workers spin (Windows),Ex,C,Q-artifact,CRASH,A,Pending,pending,2026-09-25,"no human response in snapshot; re-check: 0 human comment(s), labels ['module: crash', 'module: windows', 'triaged', 'module: openmp', 'oncall: pt2', 'oncall: export', 'module: aotinductor', 'bot-triaged', 'release triage'], human labels ['triaged (frgossen)']",no,
